market,symbol,earliest_date,available_intervals
spot,1000CATBNB,2024-12-17,"12h,15m,1d,1h,1m,1s,2h,30m,3m,4h,5m,6h,8h"
spot,1000CATFDUSD,2024-12-17,"12h,15m,1d,1h,1m,1s,2h,30m,3m,4h,5m,6h,8h"
spot,1000CATTRY,2024-12-17,"12h,15m,1d,1h,1m,1s,2h,30m,3m,4h,5m,6h,8h"
spot,1000CATUSDC,2024-12-19,"12h,15m,1d,1h,1m,1s,2h,30m,3m,4h,5m,6h,8h"
spot,1000CATUSDT,2024-12-17,"12h,15m,1d,1h,1m,1s,2h,30m,3m,4h,5m,6h,8h"
spot,1000CHEEMSUSDC,2025-02-09,"12h,15m,1d,1h,1m,1s,2h,30m,3m,4h,5m,6h,8h"
spot,1000CHEEMSUSDT,2025-02-09,"12h,15m,1d,1h,1m,1s,2h,30m,3m,4h,5m,6h,8h"
spot,1000SATSFDUSD,2023-12-12,"12h,15m,1d,1h,1m,1s,2h,30m,3m,4h,5m,6h,8h"
spot,1000SATSTRY,2023-12-12,"12h,15m,1d,1h,1m,1s,2h,30m,3m,4h,5m,6h,8h"
spot,1000SATSUSDC,2024-07-12,"12h,15m,1d,1h,1m,1s,2h,30m,3m,4h,5m,6h,8h"
spot,1000SATSUSDT,2023-12-12,"12h,15m,1d,1h,1m,1s,2h,30m,3m,4h,5m,6h,8h"
spot,1INCHBTC,2020-12-25,"12h,15m,1d,1h,1m,1s,2h,30m,3m,4h,5m,6h,8h"
spot,1INCHUSDT,2020-12-25,"12h,15m,1d,1h,1m,1s,2h,30m,3m,4h,5m,6h,8h"
spot,1MBABYDOGEFDUSD,2024-09-25,"12h,15m,1d,1h,1m,1s,2h,30m,3m,4h,5m,6h,8h"
spot,1MBABYDOGETRY,2024-09-25,"12h,15m,1d,1h,1m,1s,2h,30m,3m,4h,5m,6h,8h"
spot,1MBABYDOGEUSDC,2024-11-29,"12h,15m,1d,1h,1m,1s,2h,30m,3m,4h,5m,6h,8h"
spot,1MBABYDOGEUSDT,2024-09-16,"12h,15m,1d,1h,1m,1s,2h,30m,3m,4h,5m,6h,8h"
spot,AAVEBTC,2020-10-15,"12h,15m,1d,1h,1m,1s,2h,30m,3m,4h,5m,6h,8h"
spot,AAVEETH,2020-10-15,"12h,15m,1d,1h,1m,1s,2h,30m,3m,4h,5m,6h,8h"
spot,AAVEFDUSD,2024-08-22,"12h,15m,1d,1h,1m,1s,2h,30m,3m,4h,5m,6h,8h"
spot,AAVETRY,2024-03-21,"12h,15m,1d,1h,1m,1s,2h,30m,3m,4h,5m,6h,8h"
spot,AAVEUSDC,2024-09-04,"12h,15m,1d,1h,1m,1s,2h,30m,3m,4h,5m,6h,8h"
spot,AAVEUSDT,2020-10-15,"12h,15m,1d,1h,1m,1s,2h,30m,3m,4h,5m,6h,8h"
spot,ACABTC,2022-01-25,"12h,15m,1d,1h,1m,1s,2h,30m,3m,4h,5m,6h,8h"
spot,ACATRY,2023-07-20,"12h,15m,1d,1h,1m,1s,2h,30m,3m,4h,5m,6h,8h"
spot,ACAUSDT,2022-01-25,"12h,15m,1d,1h,1m,1s,2h,30m,3m,4h,5m,6h,8h"
spot,ACETRY,2023-12-18,"12h,15m,1d,1h,1m,1s,2h,30m,3m,4h,5m,6h,8h"
spot,ACEUSDT,2023-12-18,"12h,15m,1d,1h,1m,1s,2h,30m,3m,4h,5m,6h,8h"
spot,ACHBTC,2022-01-10,"12h,15m,1d,1h,1m,1s,2h,30m,3m,4h,5m,6h,8h"
spot,ACHTRY,2023-04-19,"12h,15m,1d,1h,1m,1s,2h,30m,3m,4h,5m,6h,8h"
spot,ACHUSDT,2022-01-10,"12h,15m,1d,1h,1m,1s,2h,30m,3m,4h,5m,6h,8h"
spot,ACMUSDT,2021-02-24,"12h,15m,1d,1h,1m,1s,2h,30m,3m,4h,5m,6h,8h"
spot,ACTBRL,2024-11-20,"12h,15m,1d,1h,1m,1s,2h,30m,3m,4h,5m,6h,8h"
spot,ACTEUR,2024-11-20,"12h,15m,1d,1h,1m,1s,2h,30m,3m,4h,5m,6h,8h"
spot,ACTFDUSD,2024-11-15,"12h,15m,1d,1h,1m,1s,2h,30m,3m,4h,5m,6h,8h"
spot,ACTTRY,2024-11-13,"12h,15m,1d,1h,1m,1s,2h,30m,3m,4h,5m,6h,8h"
spot,ACTUSDC,2024-11-15,"12h,15m,1d,1h,1m,1s,2h,30m,3m,4h,5m,6h,8h"
spot,ACTUSDT,2024-11-11,"12h,15m,1d,1h,1m,1s,2h,30m,3m,4h,5m,6h,8h"
spot,ACXFDUSD,2024-12-11,"12h,15m,1d,1h,1m,1s,2h,30m,3m,4h,5m,6h,8h"
spot,ACXTRY,2024-12-11,"12h,15m,1d,1h,1m,1s,2h,30m,3m,4h,5m,6h,8h"
spot,ACXUSDC,2024-12-11,"12h,15m,1d,1h,1m,1s,2h,30m,3m,4h,5m,6h,8h"
spot,ACXUSDT,2024-12-06,"12h,15m,1d,1h,1m,1s,2h,30m,3m,4h,5m,6h,8h"
spot,ADABNB,2018-04-17,"12h,15m,1d,1h,1m,1s,2h,30m,3m,4h,5m,6h,8h"
spot,ADABRL,2021-02-26,"12h,15m,1d,1h,1m,1s,2h,30m,3m,4h,5m,6h,8h"
spot,ADABTC,2017-11-30,"12h,15m,1d,1h,1m,1s,2h,30m,3m,4h,5m,6h,8h"
spot,ADAETH,2017-11-30,"12h,15m,1d,1h,1m,1s,2h,30m,3m,4h,5m,6h,8h"
spot,ADAEUR,2020-11-13,"12h,15m,1d,1h,1m,1s,2h,30m,3m,4h,5m,6h,8h"
spot,ADAFDUSD,2023-10-12,"12h,15m,1d,1h,1m,1s,2h,30m,3m,4h,5m,6h,8h"
spot,ADAJPY,2024-04-30,"12h,15m,1d,1h,1m,1s,2h,30m,3m,4h,5m,6h,8h"
spot,ADATRY,2021-02-26,"12h,15m,1d,1h,1m,1s,2h,30m,3m,4h,5m,6h,8h"
spot,ADAUSDC,2019-03-27,"12h,15m,1d,1h,1m,1s,2h,30m,3m,4h,5m,6h,8h"
spot,ADAUSDT,2018-04-17,"12h,15m,1d,1h,1m,1s,2h,30m,3m,4h,5m,6h,8h"
spot,ADXBTC,2017-11-29,"12h,15m,1d,1h,1m,1s,2h,30m,3m,4h,5m,6h,8h"
spot,ADXETH,2017-11-29,"12h,15m,1d,1h,1m,1s,2h,30m,3m,4h,5m,6h,8h"
spot,ADXUSDT,2021-10-29,"12h,15m,1d,1h,1m,1s,2h,30m,3m,4h,5m,6h,8h"
spot,AEURUSDT,2023-12-04,"12h,15m,1d,1h,1m,1s,2h,30m,3m,4h,5m,6h,8h"
spot,AEVOBTC,2024-03-13,"12h,15m,1d,1h,1m,1s,2h,30m,3m,4h,5m,6h,8h"
spot,AEVOFDUSD,2024-03-13,"12h,15m,1d,1h,1m,1s,2h,30m,3m,4h,5m,6h,8h"
spot,AEVOTRY,2024-03-13,"12h,15m,1d,1h,1m,1s,2h,30m,3m,4h,5m,6h,8h"
spot,AEVOUSDT,2024-03-13,"12h,15m,1d,1h,1m,1s,2h,30m,3m,4h,5m,6h,8h"
spot,AGLDBTC,2021-10-05,"12h,15m,1d,1h,1m,1s,2h,30m,3m,4h,5m,6h,8h"
spot,AGLDUSDT,2021-10-05,"12h,15m,1d,1h,1m,1s,2h,30m,3m,4h,5m,6h,8h"
spot,AIBNB,2024-01-04,"12h,15m,1d,1h,1m,1s,2h,30m,3m,4h,5m,6h,8h"
spot,AIBTC,2024-01-04,"12h,15m,1d,1h,1m,1s,2h,30m,3m,4h,5m,6h,8h"
spot,AIFDUSD,2024-01-04,"12h,15m,1d,1h,1m,1s,2h,30m,3m,4h,5m,6h,8h"
spot,AITRY,2024-01-04,"12h,15m,1d,1h,1m,1s,2h,30m,3m,4h,5m,6h,8h"
spot,AIUSDT,2024-01-04,"12h,15m,1d,1h,1m,1s,2h,30m,3m,4h,5m,6h,8h"
spot,AIXBTTRY,2025-01-21,"12h,15m,1d,1h,1m,1s,2h,30m,3m,4h,5m,6h,8h"
spot,AIXBTUSDC,2025-01-10,"12h,15m,1d,1h,1m,1s,2h,30m,3m,4h,5m,6h,8h"
spot,AIXBTUSDT,2025-01-10,"12h,15m,1d,1h,1m,1s,2h,30m,3m,4h,5m,6h,8h"
spot,ALCXUSDT,2021-11-30,"12h,15m,1d,1h,1m,1s,2h,30m,3m,4h,5m,6h,8h"
spot,ALGOBTC,2019-06-22,"12h,15m,1d,1h,1m,1s,2h,30m,3m,4h,5m,6h,8h"
spot,ALGOTRY,2022-05-20,"12h,15m,1d,1h,1m,1s,2h,30m,3m,4h,5m,6h,8h"
spot,ALGOUSDC,2019-06-22,"12h,15m,1d,1h,1m,1s,2h,30m,3m,4h,5m,6h,8h"
spot,ALGOUSDT,2019-06-22,"12h,15m,1d,1h,1m,1s,2h,30m,3m,4h,5m,6h,8h"
spot,ALICETRY,2021-12-10,"12h,15m,1d,1h,1m,1s,2h,30m,3m,4h,5m,6h,8h"
spot,ALICEUSDT,2021-03-15,"12h,15m,1d,1h,1m,1s,2h,30m,3m,4h,5m,6h,8h"
spot,ALPACAUSDT,2021-08-11,"12h,15m,1d,1h,1m,1s,2h,30m,3m,4h,5m,6h,8h"
spot,ALPHABTC,2020-10-10,"12h,15m,1d,1h,1m,1s,2h,30m,3m,4h,5m,6h,8h"
spot,ALPHAUSDT,2020-10-10,"12h,15m,1d,1h,1m,1s,2h,30m,3m,4h,5m,6h,8h"
spot,ALPINETRY,2022-02-21,"12h,15m,1d,1h,1m,1s,2h,30m,3m,4h,5m,6h,8h"
spot,ALPINEUSDT,2022-02-21,"12h,15m,1d,1h,1m,1s,2h,30m,3m,4h,5m,6h,8h"
spot,ALTBNB,2024-01-25,"12h,15m,1d,1h,1m,1s,2h,30m,3m,4h,5m,6h,8h"
spot,ALTBTC,2024-01-25,"12h,15m,1d,1h,1m,1s,2h,30m,3m,4h,5m,6h,8h"
spot,ALTFDUSD,2024-01-25,"12h,15m,1d,1h,1m,1s,2h,30m,3m,4h,5m,6h,8h"
spot,ALTTRY,2024-01-25,"12h,15m,1d,1h,1m,1s,2h,30m,3m,4h,5m,6h,8h"
spot,ALTUSDC,2024-02-02,"12h,15m,1d,1h,1m,1s,2h,30m,3m,4h,5m,6h,8h"
spot,ALTUSDT,2024-01-25,"12h,15m,1d,1h,1m,1s,2h,30m,3m,4h,5m,6h,8h"
spot,AMPTRY,2023-08-02,"12h,15m,1d,1h,1m,1s,2h,30m,3m,4h,5m,6h,8h"
spot,AMPUSDT,2021-11-23,"12h,15m,1d,1h,1m,1s,2h,30m,3m,4h,5m,6h,8h"
spot,ANIMEBNB,2025-01-23,"12h,15m,1d,1h,1m,1s,2h,30m,3m,4h,5m,6h,8h"
spot,ANIMEFDUSD,2025-01-23,"12h,15m,1d,1h,1m,1s,2h,30m,3m,4h,5m,6h,8h"
spot,ANIMETRY,2025-01-23,"12h,15m,1d,1h,1m,1s,2h,30m,3m,4h,5m,6h,8h"
spot,ANIMEUSDC,2025-01-23,"12h,15m,1d,1h,1m,1s,2h,30m,3m,4h,5m,6h,8h"
spot,ANIMEUSDT,2025-01-23,"12h,15m,1d,1h,1m,1s,2h,30m,3m,4h,5m,6h,8h"
spot,ANKRBTC,2019-07-23,"12h,15m,1d,1h,1m,1s,2h,30m,3m,4h,5m,6h,8h"
spot,ANKRTRY,2022-08-26,"12h,15m,1d,1h,1m,1s,2h,30m,3m,4h,5m,6h,8h"
spot,ANKRUSDT,2019-07-23,"12h,15m,1d,1h,1m,1s,2h,30m,3m,4h,5m,6h,8h"
spot,APEBTC,2022-03-17,"12h,15m,1d,1h,1m,1s,2h,30m,3m,4h,5m,6h,8h"
spot,APEFDUSD,2024-11-22,"12h,15m,1d,1h,1m,1s,2h,30m,3m,4h,5m,6h,8h"
spot,APETRY,2022-03-19,"12h,15m,1d,1h,1m,1s,2h,30m,3m,4h,5m,6h,8h"
spot,APEUSDC,2024-11-28,"12h,15m,1d,1h,1m,1s,2h,30m,3m,4h,5m,6h,8h"
spot,APEUSDT,2022-03-17,"12h,15m,1d,1h,1m,1s,2h,30m,3m,4h,5m,6h,8h"
spot,API3BTC,2022-01-21,"12h,15m,1d,1h,1m,1s,2h,30m,3m,4h,5m,6h,8h"
spot,API3TRY,2022-03-04,"12h,15m,1d,1h,1m,1s,2h,30m,3m,4h,5m,6h,8h"
spot,API3USDC,2025-04-03,"12h,15m,1d,1h,1m,1s,2h,30m,3m,4h,5m,6h,8h"
spot,API3USDT,2022-01-21,"12h,15m,1d,1h,1m,1s,2h,30m,3m,4h,5m,6h,8h"
spot,APTBTC,2022-10-19,"12h,15m,1d,1h,1m,1s,2h,30m,3m,4h,5m,6h,8h"
spot,APTETH,2023-02-17,"12h,15m,1d,1h,1m,1s,2h,30m,3m,4h,5m,6h,8h"
spot,APTEUR,2022-10-19,"12h,15m,1d,1h,1m,1s,2h,30m,3m,4h,5m,6h,8h"
spot,APTFDUSD,2024-01-26,"12h,15m,1d,1h,1m,1s,2h,30m,3m,4h,5m,6h,8h"
spot,APTJPY,2025-01-09,"12h,15m,1d,1h,1m,1s,2h,30m,3m,4h,5m,6h,8h"
spot,APTTRY,2022-10-19,"12h,15m,1d,1h,1m,1s,2h,30m,3m,4h,5m,6h,8h"
spot,APTUSDC,2024-04-19,"12h,15m,1d,1h,1m,1s,2h,30m,3m,4h,5m,6h,8h"
spot,APTUSDT,2022-10-19,"12h,15m,1d,1h,1m,1s,2h,30m,3m,4h,5m,6h,8h"
spot,ARBBTC,2023-03-23,"12h,15m,1d,1h,1m,1s,2h,30m,3m,4h,5m,6h,8h"
spot,ARBETH,2023-07-14,"12h,15m,1d,1h,1m,1s,2h,30m,3m,4h,5m,6h,8h"
spot,ARBEUR,2023-03-24,"12h,15m,1d,1h,1m,1s,2h,30m,3m,4h,5m,6h,8h"
spot,ARBFDUSD,2023-10-05,"12h,15m,1d,1h,1m,1s,2h,30m,3m,4h,5m,6h,8h"
spot,ARBTC,2021-05-14,"12h,15m,1d,1h,1m,1s,2h,30m,3m,4h,5m,6h,8h"
spot,ARBTRY,2023-03-24,"12h,15m,1d,1h,1m,1s,2h,30m,3m,4h,5m,6h,8h"
spot,ARBTUSD,2023-03-24,"12h,15m,1d,1h,1m,1s,2h,30m,3m,4h,5m,6h,8h"
spot,ARBUSDC,2023-12-28,"12h,15m,1d,1h,1m,1s,2h,30m,3m,4h,5m,6h,8h"
spot,ARBUSDT,2023-03-23,"12h,15m,1d,1h,1m,1s,2h,30m,3m,4h,5m,6h,8h"
spot,ARDRBTC,2018-07-18,"12h,15m,1d,1h,1m,1s,2h,30m,3m,4h,5m,6h,8h"
spot,ARDRUSDT,2020-05-15,"12h,15m,1d,1h,1m,1s,2h,30m,3m,4h,5m,6h,8h"
spot,ARFDUSD,2024-05-23,"12h,15m,1d,1h,1m,1s,2h,30m,3m,4h,5m,6h,8h"
spot,ARKMBNB,2023-07-18,"12h,15m,1d,1h,1m,1s,2h,30m,3m,4h,5m,6h,8h"
spot,ARKMBTC,2023-07-18,"12h,15m,1d,1h,1m,1s,2h,30m,3m,4h,5m,6h,8h"
spot,ARKMFDUSD,2024-03-21,"12h,15m,1d,1h,1m,1s,2h,30m,3m,4h,5m,6h,8h"
spot,ARKMTRY,2023-07-18,"12h,15m,1d,1h,1m,1s,2h,30m,3m,4h,5m,6h,8h"
spot,ARKMUSDC,2024-05-17,"12h,15m,1d,1h,1m,1s,2h,30m,3m,4h,5m,6h,8h"
spot,ARKMUSDT,2023-07-18,"12h,15m,1d,1h,1m,1s,2h,30m,3m,4h,5m,6h,8h"
spot,ARKTRY,2023-11-16,"12h,15m,1d,1h,1m,1s,2h,30m,3m,4h,5m,6h,8h"
spot,ARKUSDT,2023-09-22,"12h,15m,1d,1h,1m,1s,2h,30m,3m,4h,5m,6h,8h"
spot,ARPABTC,2019-11-06,"12h,15m,1d,1h,1m,1s,2h,30m,3m,4h,5m,6h,8h"
spot,ARPATRY,2021-09-03,"12h,15m,1d,1h,1m,1s,2h,30m,3m,4h,5m,6h,8h"
spot,ARPAUSDT,2019-11-06,"12h,15m,1d,1h,1m,1s,2h,30m,3m,4h,5m,6h,8h"
spot,ARTRY,2024-03-07,"12h,15m,1d,1h,1m,1s,2h,30m,3m,4h,5m,6h,8h"
spot,ARUSDC,2024-05-17,"12h,15m,1d,1h,1m,1s,2h,30m,3m,4h,5m,6h,8h"
spot,ARUSDT,2021-05-14,"12h,15m,1d,1h,1m,1s,2h,30m,3m,4h,5m,6h,8h"
spot,ASRTRY,2023-08-10,"12h,15m,1d,1h,1m,1s,2h,30m,3m,4h,5m,6h,8h"
spot,ASRUSDT,2020-12-30,"12h,15m,1d,1h,1m,1s,2h,30m,3m,4h,5m,6h,8h"
spot,ASTRBTC,2022-04-22,"12h,15m,1d,1h,1m,1s,2h,30m,3m,4h,5m,6h,8h"
spot,ASTRUSDT,2022-02-28,"12h,15m,1d,1h,1m,1s,2h,30m,3m,4h,5m,6h,8h"
spot,ATABTC,2021-06-07,"12h,15m,1d,1h,1m,1s,2h,30m,3m,4h,5m,6h,8h"
spot,ATAUSDT,2021-06-07,"12h,15m,1d,1h,1m,1s,2h,30m,3m,4h,5m,6h,8h"
spot,ATMTRY,2023-08-10,"12h,15m,1d,1h,1m,1s,2h,30m,3m,4h,5m,6h,8h"
spot,ATMUSDT,2020-12-30,"12h,15m,1d,1h,1m,1s,2h,30m,3m,4h,5m,6h,8h"
spot,ATOMBTC,2019-04-29,"12h,15m,1d,1h,1m,1s,2h,30m,3m,4h,5m,6h,8h"
spot,ATOMETH,2022-01-05,"12h,15m,1d,1h,1m,1s,2h,30m,3m,4h,5m,6h,8h"
spot,ATOMEUR,2022-03-11,"12h,15m,1d,1h,1m,1s,2h,30m,3m,4h,5m,6h,8h"
spot,ATOMFDUSD,2023-10-19,"12h,15m,1d,1h,1m,1s,2h,30m,3m,4h,5m,6h,8h"
spot,ATOMTRY,2022-01-07,"12h,15m,1d,1h,1m,1s,2h,30m,3m,4h,5m,6h,8h"
spot,ATOMUSDC,2019-05-07,"12h,15m,1d,1h,1m,1s,2h,30m,3m,4h,5m,6h,8h"
spot,ATOMUSDT,2019-04-29,"12h,15m,1d,1h,1m,1s,2h,30m,3m,4h,5m,6h,8h"
spot,AUCTIONBTC,2021-02-25,"12h,15m,1d,1h,1m,1s,2h,30m,3m,4h,5m,6h,8h"
spot,AUCTIONFDUSD,2023-12-05,"12h,15m,1d,1h,1m,1s,2h,30m,3m,4h,5m,6h,8h"
spot,AUCTIONTRY,2025-04-03,"12h,15m,1d,1h,1m,1s,2h,30m,3m,4h,5m,6h,8h"
spot,AUCTIONUSDC,2025-04-03,"12h,15m,1d,1h,1m,1s,2h,30m,3m,4h,5m,6h,8h"
spot,AUCTIONUSDT,2021-10-29,"12h,15m,1d,1h,1m,1s,2h,30m,3m,4h,5m,6h,8h"
spot,AUDIOBTC,2020-10-23,"12h,15m,1d,1h,1m,1s,2h,30m,3m,4h,5m,6h,8h"
spot,AUDIOTRY,2022-04-29,"12h,15m,1d,1h,1m,1s,2h,30m,3m,4h,5m,6h,8h"
spot,AUDIOUSDT,2020-10-23,"12h,15m,1d,1h,1m,1s,2h,30m,3m,4h,5m,6h,8h"
spot,AVABTC,2020-08-05,"12h,15m,1d,1h,1m,1s,2h,30m,3m,4h,5m,6h,8h"
spot,AVAUSDT,2020-11-24,"12h,15m,1d,1h,1m,1s,2h,30m,3m,4h,5m,6h,8h"
spot,AVAXBNB,2020-09-22,"12h,15m,1d,1h,1m,1s,2h,30m,3m,4h,5m,6h,8h"
spot,AVAXBRL,2021-10-15,"12h,15m,1d,1h,1m,1s,2h,30m,3m,4h,5m,6h,8h"
spot,AVAXBTC,2020-09-22,"12h,15m,1d,1h,1m,1s,2h,30m,3m,4h,5m,6h,8h"
spot,AVAXETH,2021-11-19,"12h,15m,1d,1h,1m,1s,2h,30m,3m,4h,5m,6h,8h"
spot,AVAXEUR,2021-03-12,"12h,15m,1d,1h,1m,1s,2h,30m,3m,4h,5m,6h,8h"
spot,AVAXFDUSD,2023-10-19,"12h,15m,1d,1h,1m,1s,2h,30m,3m,4h,5m,6h,8h"
spot,AVAXTRY,2020-11-20,"12h,15m,1d,1h,1m,1s,2h,30m,3m,4h,5m,6h,8h"
spot,AVAXUSDC,2023-12-28,"12h,15m,1d,1h,1m,1s,2h,30m,3m,4h,5m,6h,8h"
spot,AVAXUSDT,2020-09-22,"12h,15m,1d,1h,1m,1s,2h,30m,3m,4h,5m,6h,8h"
spot,AXLBTC,2024-03-01,"12h,15m,1d,1h,1m,1s,2h,30m,3m,4h,5m,6h,8h"
spot,AXLTRY,2024-03-01,"12h,15m,1d,1h,1m,1s,2h,30m,3m,4h,5m,6h,8h"
spot,AXLUSDT,2024-03-01,"12h,15m,1d,1h,1m,1s,2h,30m,3m,4h,5m,6h,8h"
spot,AXSBNB,2020-11-04,"12h,15m,1d,1h,1m,1s,2h,30m,3m,4h,5m,6h,8h"
spot,AXSBTC,2020-11-04,"12h,15m,1d,1h,1m,1s,2h,30m,3m,4h,5m,6h,8h"
spot,AXSETH,2021-10-15,"12h,15m,1d,1h,1m,1s,2h,30m,3m,4h,5m,6h,8h"
spot,AXSTRY,2022-02-18,"12h,15m,1d,1h,1m,1s,2h,30m,3m,4h,5m,6h,8h"
spot,AXSUSDT,2020-11-04,"12h,15m,1d,1h,1m,1s,2h,30m,3m,4h,5m,6h,8h"
spot,BABYBNB,2025-04-10,"12h,15m,1d,1h,1m,1s,2h,30m,3m,4h,5m,6h,8h"
spot,BABYFDUSD,2025-04-10,"12h,15m,1d,1h,1m,1s,2h,30m,3m,4h,5m,6h,8h"
spot,BABYTRY,2025-04-10,"12h,15m,1d,1h,1m,1s,2h,30m,3m,4h,5m,6h,8h"
spot,BABYUSDC,2025-04-10,"12h,15m,1d,1h,1m,1s,2h,30m,3m,4h,5m,6h,8h"
spot,BABYUSDT,2025-04-10,"12h,15m,1d,1h,1m,1s,2h,30m,3m,4h,5m,6h,8h"
spot,BADGERBTC,2021-03-02,"12h,15m,1d,1h,1m,1s,2h,30m,3m,4h,5m,6h,8h"
spot,BADGERUSDT,2021-03-02,"12h,15m,1d,1h,1m,1s,2h,30m,3m,4h,5m,6h,8h"
spot,BAKEBTC,2021-06-11,"12h,15m,1d,1h,1m,1s,2h,30m,3m,4h,5m,6h,8h"
spot,BAKETRY,2024-06-21,"12h,15m,1d,1h,1m,1s,2h,30m,3m,4h,5m,6h,8h"
spot,BAKEUSDT,2021-04-30,"12h,15m,1d,1h,1m,1s,2h,30m,3m,4h,5m,6h,8h"
spot,BALUSDT,2020-08-11,"12h,15m,1d,1h,1m,1s,2h,30m,3m,4h,5m,6h,8h"
spot,BANANABNB,2024-07-20,"12h,15m,1d,1h,1m,1s,2h,30m,3m,4h,5m,6h,8h"
spot,BANANABTC,2024-07-20,"12h,15m,1d,1h,1m,1s,2h,30m,3m,4h,5m,6h,8h"
spot,BANANAFDUSD,2024-07-20,"12h,15m,1d,1h,1m,1s,2h,30m,3m,4h,5m,6h,8h"
spot,BANANAS31USDC,2025-03-27,"12h,15m,1d,1h,1m,1s,2h,30m,3m,4h,5m,6h,8h"
spot,BANANAS31USDT,2025-03-27,"12h,15m,1d,1h,1m,1s,2h,30m,3m,4h,5m,6h,8h"
spot,BANANATRY,2024-07-20,"12h,15m,1d,1h,1m,1s,2h,30m,3m,4h,5m,6h,8h"
spot,BANANAUSDC,2025-04-03,"12h,15m,1d,1h,1m,1s,2h,30m,3m,4h,5m,6h,8h"
spot,BANANAUSDT,2024-07-20,"12h,15m,1d,1h,1m,1s,2h,30m,3m,4h,5m,6h,8h"
spot,BANDBTC,2019-09-18,"12h,15m,1d,1h,1m,1s,2h,30m,3m,4h,5m,6h,8h"
spot,BANDUSDT,2019-09-18,"12h,15m,1d,1h,1m,1s,2h,30m,3m,4h,5m,6h,8h"
spot,BARTRY,2023-08-10,"12h,15m,1d,1h,1m,1s,2h,30m,3m,4h,5m,6h,8h"
spot,BARUSDT,2021-04-21,"12h,15m,1d,1h,1m,1s,2h,30m,3m,4h,5m,6h,8h"
spot,BATBTC,2017-11-13,"12h,15m,1d,1h,1m,1s,2h,30m,3m,4h,5m,6h,8h"
spot,BATUSDT,2019-03-04,"12h,15m,1d,1h,1m,1s,2h,30m,3m,4h,5m,6h,8h"
spot,BBBNB,2024-05-13,"12h,15m,1d,1h,1m,1s,2h,30m,3m,4h,5m,6h,8h"
spot,BBBTC,2024-05-13,"12h,15m,1d,1h,1m,1s,2h,30m,3m,4h,5m,6h,8h"
spot,BBFDUSD,2024-05-13,"12h,15m,1d,1h,1m,1s,2h,30m,3m,4h,5m,6h,8h"
spot,BBTRY,2024-05-13,"12h,15m,1d,1h,1m,1s,2h,30m,3m,4h,5m,6h,8h"
spot,BBUSDC,2024-05-17,"12h,15m,1d,1h,1m,1s,2h,30m,3m,4h,5m,6h,8h"
spot,BBUSDT,2024-05-13,"12h,15m,1d,1h,1m,1s,2h,30m,3m,4h,5m,6h,8h"
spot,BCHBNB,2019-11-28,"12h,15m,1d,1h,1m,1s,2h,30m,3m,4h,5m,6h,8h"
spot,BCHBTC,2019-11-28,"12h,15m,1d,1h,1m,1s,2h,30m,3m,4h,5m,6h,8h"
spot,BCHEUR,2020-12-02,"12h,15m,1d,1h,1m,1s,2h,30m,3m,4h,5m,6h,8h"
spot,BCHFDUSD,2023-10-19,"12h,15m,1d,1h,1m,1s,2h,30m,3m,4h,5m,6h,8h"
spot,BCHJPY,2025-02-20,"12h,15m,1d,1h,1m,1s,2h,30m,3m,4h,5m,6h,8h"
spot,BCHTRY,2023-07-14,"12h,15m,1d,1h,1m,1s,2h,30m,3m,4h,5m,6h,8h"
spot,BCHUSDC,2019-11-28,"12h,15m,1d,1h,1m,1s,2h,30m,3m,4h,5m,6h,8h"
spot,BCHUSDT,2019-11-28,"12h,15m,1d,1h,1m,1s,2h,30m,3m,4h,5m,6h,8h"
spot,BEAMXTRY,2023-11-16,"12h,15m,1d,1h,1m,1s,2h,30m,3m,4h,5m,6h,8h"
spot,BEAMXUSDC,2025-03-25,"12h,15m,1d,1h,1m,1s,2h,30m,3m,4h,5m,6h,8h"
spot,BEAMXUSDT,2023-11-14,"12h,15m,1d,1h,1m,1s,2h,30m,3m,4h,5m,6h,8h"
spot,BELBTC,2020-09-15,"12h,15m,1d,1h,1m,1s,2h,30m,3m,4h,5m,6h,8h"
spot,BELTRY,2021-12-03,"12h,15m,1d,1h,1m,1s,2h,30m,3m,4h,5m,6h,8h"
spot,BELUSDT,2020-09-15,"12h,15m,1d,1h,1m,1s,2h,30m,3m,4h,5m,6h,8h"
spot,BERABNB,2025-02-06,"12h,15m,1d,1h,1m,1s,2h,30m,3m,4h,5m,6h,8h"
spot,BERABTC,2025-02-06,"12h,15m,1d,1h,1m,1s,2h,30m,3m,4h,5m,6h,8h"
spot,BERAFDUSD,2025-02-06,"12h,15m,1d,1h,1m,1s,2h,30m,3m,4h,5m,6h,8h"
spot,BERATRY,2025-02-06,"12h,15m,1d,1h,1m,1s,2h,30m,3m,4h,5m,6h,8h"
spot,BERAUSDC,2025-02-06,"12h,15m,1d,1h,1m,1s,2h,30m,3m,4h,5m,6h,8h"
spot,BERAUSDT,2025-02-06,"12h,15m,1d,1h,1m,1s,2h,30m,3m,4h,5m,6h,8h"
spot,BETAUSDT,2021-10-08,"12h,15m,1d,1h,1m,1s,2h,30m,3m,4h,5m,6h,8h"
spot,BICOBTC,2021-12-09,"12h,15m,1d,1h,1m,1s,2h,30m,3m,4h,5m,6h,8h"
spot,BICOUSDT,2021-12-09,"12h,15m,1d,1h,1m,1s,2h,30m,3m,4h,5m,6h,8h"
spot,BIFIUSDT,2022-04-01,"12h,15m,1d,1h,1m,1s,2h,30m,3m,4h,5m,6h,8h"
spot,BIOBNB,2025-01-03,"12h,15m,1d,1h,1m,1s,2h,30m,3m,4h,5m,6h,8h"
spot,BIOFDUSD,2025-01-03,"12h,15m,1d,1h,1m,1s,2h,30m,3m,4h,5m,6h,8h"
spot,BIOTRY,2025-01-03,"12h,15m,1d,1h,1m,1s,2h,30m,3m,4h,5m,6h,8h"
spot,BIOUSDC,2025-01-08,"12h,15m,1d,1h,1m,1s,2h,30m,3m,4h,5m,6h,8h"
spot,BIOUSDT,2025-01-03,"12h,15m,1d,1h,1m,1s,2h,30m,3m,4h,5m,6h,8h"
spot,BLURBTC,2023-11-24,"12h,15m,1d,1h,1m,1s,2h,30m,3m,4h,5m,6h,8h"
spot,BLURTRY,2023-11-24,"12h,15m,1d,1h,1m,1s,2h,30m,3m,4h,5m,6h,8h"
spot,BLURUSDC,2024-01-26,"12h,15m,1d,1h,1m,1s,2h,30m,3m,4h,5m,6h,8h"
spot,BLURUSDT,2023-11-24,"12h,15m,1d,1h,1m,1s,2h,30m,3m,4h,5m,6h,8h"
spot,BMTBNB,2025-03-18,"12h,15m,1d,1h,1m,1s,2h,30m,3m,4h,5m,6h,8h"
spot,BMTFDUSD,2025-03-18,"12h,15m,1d,1h,1m,1s,2h,30m,3m,4h,5m,6h,8h"
spot,BMTTRY,2025-03-18,"12h,15m,1d,1h,1m,1s,2h,30m,3m,4h,5m,6h,8h"
spot,BMTUSDC,2025-03-18,"12h,15m,1d,1h,1m,1s,2h,30m,3m,4h,5m,6h,8h"
spot,BMTUSDT,2025-03-18,"12h,15m,1d,1h,1m,1s,2h,30m,3m,4h,5m,6h,8h"
spot,BNBARS,2025-02-25,"12h,15m,1d,1h,1m,1s,2h,30m,3m,4h,5m,6h,8h"
spot,BNBBRL,2020-11-06,"12h,15m,1d,1h,1m,1s,2h,30m,3m,4h,5m,6h,8h"
spot,BNBBTC,2017-07-14,"12h,15m,1d,1h,1m,1s,2h,30m,3m,4h,5m,6h,8h"
spot,BNBETH,2017-08-09,"12h,15m,1d,1h,1m,1s,2h,30m,3m,4h,5m,6h,8h"
spot,BNBEUR,2020-01-03,"12h,15m,1d,1h,1m,1s,2h,30m,3m,4h,5m,6h,8h"
spot,BNBFDUSD,2023-07-26,"12h,15m,1d,1h,1m,1s,2h,30m,3m,4h,5m,6h,8h"
spot,BNBJPY,2024-03-12,"12h,15m,1d,1h,1m,1s,2h,30m,3m,4h,5m,6h,8h"
spot,BNBTRY,2019-12-20,"12h,15m,1d,1h,1m,1s,2h,30m,3m,4h,5m,6h,8h"
spot,BNBTUSD,2019-03-13,"12h,15m,1d,1h,1m,1s,2h,30m,3m,4h,5m,6h,8h"
spot,BNBUSDC,2018-12-15,"12h,15m,1d,1h,1m,1s,2h,30m,3m,4h,5m,6h,8h"
spot,BNBUSDT,2017-11-06,"12h,15m,1d,1h,1m,1s,2h,30m,3m,4h,5m,6h,8h"
spot,BNSOLSOL,2024-10-10,"12h,15m,1d,1h,1m,1s,2h,30m,3m,4h,5m,6h,8h"
spot,BNSOLUSDT,2024-10-17,"12h,15m,1d,1h,1m,1s,2h,30m,3m,4h,5m,6h,8h"
spot,BNTUSDT,2020-02-06,"12h,15m,1d,1h,1m,1s,2h,30m,3m,4h,5m,6h,8h"
spot,BOMEEUR,2024-11-28,"12h,15m,1d,1h,1m,1s,2h,30m,3m,4h,5m,6h,8h"
spot,BOMEFDUSD,2024-03-16,"12h,15m,1d,1h,1m,1s,2h,30m,3m,4h,5m,6h,8h"
spot,BOMETRY,2024-03-16,"12h,15m,1d,1h,1m,1s,2h,30m,3m,4h,5m,6h,8h"
spot,BOMEUSDC,2024-04-05,"12h,15m,1d,1h,1m,1s,2h,30m,3m,4h,5m,6h,8h"
spot,BOMEUSDT,2024-03-16,"12h,15m,1d,1h,1m,1s,2h,30m,3m,4h,5m,6h,8h"
spot,BONKBRL,2024-08-16,"12h,15m,1d,1h,1m,1s,2h,30m,3m,4h,5m,6h,8h"
spot,BONKFDUSD,2023-12-15,"12h,15m,1d,1h,1m,1s,2h,30m,3m,4h,5m,6h,8h"
spot,BONKTRY,2023-12-15,"12h,15m,1d,1h,1m,1s,2h,30m,3m,4h,5m,6h,8h"
spot,BONKUSDC,2024-03-27,"12h,15m,1d,1h,1m,1s,2h,30m,3m,4h,5m,6h,8h"
spot,BONKUSDT,2023-12-15,"12h,15m,1d,1h,1m,1s,2h,30m,3m,4h,5m,6h,8h"
spot,BROCCOLI714USDC,2025-03-27,"12h,15m,1d,1h,1m,1s,2h,30m,3m,4h,5m,6h,8h"
spot,BROCCOLI714USDT,2025-03-27,"12h,15m,1d,1h,1m,1s,2h,30m,3m,4h,5m,6h,8h"
spot,BSWTRY,2022-04-22,"12h,15m,1d,1h,1m,1s,2h,30m,3m,4h,5m,6h,8h"
spot,BSWUSDT,2022-03-21,"12h,15m,1d,1h,1m,1s,2h,30m,3m,4h,5m,6h,8h"
spot,BTCARS,2023-06-21,"12h,15m,1d,1h,1m,1s,2h,30m,3m,4h,5m,6h,8h"
spot,BTCBRL,2020-10-13,"12h,15m,1d,1h,1m,1s,2h,30m,3m,4h,5m,6h,8h"
spot,BTCDAI,2020-08-11,"12h,15m,1d,1h,1m,1s,2h,30m,3m,4h,5m,6h,8h"
spot,BTCEUR,2020-01-03,"12h,15m,1d,1h,1m,1s,2h,30m,3m,4h,5m,6h,8h"
spot,BTCEURI,2024-09-25,"12h,15m,1d,1h,1m,1s,2h,30m,3m,4h,5m,6h,8h"
spot,BTCFDUSD,2023-08-04,"12h,15m,1d,1h,1m,1s,2h,30m,3m,4h,5m,6h,8h"
spot,BTCJPY,2024-03-12,"12h,15m,1d,1h,1m,1s,2h,30m,3m,4h,5m,6h,8h"
spot,BTCMXN,2024-05-29,"12h,15m,1d,1h,1m,1s,2h,30m,3m,4h,5m,6h,8h"
spot,BTCPLN,2022-10-19,"12h,15m,1d,1h,1m,1s,2h,30m,3m,4h,5m,6h,8h"
spot,BTCRON,2023-02-17,"12h,15m,1d,1h,1m,1s,2h,30m,3m,4h,5m,6h,8h"
spot,BTCTRY,2019-12-20,"12h,15m,1d,1h,1m,1s,2h,30m,3m,4h,5m,6h,8h"
spot,BTCTUSD,2018-05-22,"12h,15m,1d,1h,1m,1s,2h,30m,3m,4h,5m,6h,8h"
spot,BTCUAH,2020-06-24,"12h,15m,1d,1h,1m,1s,2h,30m,3m,4h,5m,6h,8h"
spot,BTCUSDC,2018-12-15,"12h,15m,1d,1h,1m,1s,2h,30m,3m,4h,5m,6h,8h"
spot,BTCUSDT,2017-08-17,"12h,15m,1d,1h,1m,1s,2h,30m,3m,4h,5m,6h,8h"
spot,BTCZAR,2020-03-27,"12h,15m,1d,1h,1m,1s,2h,30m,3m,4h,5m,6h,8h"
spot,BTTCTRY,2022-01-25,"12h,15m,1d,1h,1m,1s,2h,30m,3m,4h,5m,6h,8h"
spot,BTTCUSDT,2022-01-25,"12h,15m,1d,1h,1m,1s,2h,30m,3m,4h,5m,6h,8h"
spot,C98USDT,2021-07-23,"12h,15m,1d,1h,1m,1s,2h,30m,3m,4h,5m,6h,8h"
spot,CAKEBNB,2020-09-29,"12h,15m,1d,1h,1m,1s,2h,30m,3m,4h,5m,6h,8h"
spot,CAKEBTC,2021-02-19,"12h,15m,1d,1h,1m,1s,2h,30m,3m,4h,5m,6h,8h"
spot,CAKETRY,2023-11-16,"12h,15m,1d,1h,1m,1s,2h,30m,3m,4h,5m,6h,8h"
spot,CAKEUSDC,2025-02-18,"12h,15m,1d,1h,1m,1s,2h,30m,3m,4h,5m,6h,8h"
spot,CAKEUSDT,2021-02-19,"12h,15m,1d,1h,1m,1s,2h,30m,3m,4h,5m,6h,8h"
spot,CATIFDUSD,2024-09-20,"12h,15m,1d,1h,1m,1s,2h,30m,3m,4h,5m,6h,8h"
spot,CATITRY,2024-09-20,"12h,15m,1d,1h,1m,1s,2h,30m,3m,4h,5m,6h,8h"
spot,CATIUSDC,2024-11-20,"12h,15m,1d,1h,1m,1s,2h,30m,3m,4h,5m,6h,8h"
spot,CATIUSDT,2024-09-20,"12h,15m,1d,1h,1m,1s,2h,30m,3m,4h,5m,6h,8h"
spot,CELOBTC,2021-01-05,"12h,15m,1d,1h,1m,1s,2h,30m,3m,4h,5m,6h,8h"
spot,CELOTRY,2024-12-11,"12h,15m,1d,1h,1m,1s,2h,30m,3m,4h,5m,6h,8h"
spot,CELOUSDT,2021-01-05,"12h,15m,1d,1h,1m,1s,2h,30m,3m,4h,5m,6h,8h"
spot,CELRBTC,2019-03-25,"12h,15m,1d,1h,1m,1s,2h,30m,3m,4h,5m,6h,8h"
spot,CELRUSDT,2019-03-25,"12h,15m,1d,1h,1m,1s,2h,30m,3m,4h,5m,6h,8h"
spot,CETUSTRY,2024-11-13,"12h,15m,1d,1h,1m,1s,2h,30m,3m,4h,5m,6h,8h"
spot,CETUSUSDC,2024-11-29,"12h,15m,1d,1h,1m,1s,2h,30m,3m,4h,5m,6h,8h"
spot,CETUSUSDT,2024-11-06,"12h,15m,1d,1h,1m,1s,2h,30m,3m,4h,5m,6h,8h"
spot,CFXBTC,2021-03-29,"12h,15m,1d,1h,1m,1s,2h,30m,3m,4h,5m,6h,8h"
spot,CFXTRY,2023-03-10,"12h,15m,1d,1h,1m,1s,2h,30m,3m,4h,5m,6h,8h"
spot,CFXUSDC,2024-04-17,"12h,15m,1d,1h,1m,1s,2h,30m,3m,4h,5m,6h,8h"
spot,CFXUSDT,2021-03-29,"12h,15m,1d,1h,1m,1s,2h,30m,3m,4h,5m,6h,8h"
spot,CGPTUSDC,2025-01-10,"12h,15m,1d,1h,1m,1s,2h,30m,3m,4h,5m,6h,8h"
spot,CGPTUSDT,2025-01-10,"12h,15m,1d,1h,1m,1s,2h,30m,3m,4h,5m,6h,8h"
spot,CHESSUSDC,2025-03-11,"12h,15m,1d,1h,1m,1s,2h,30m,3m,4h,5m,6h,8h"
spot,CHESSUSDT,2021-10-22,"12h,15m,1d,1h,1m,1s,2h,30m,3m,4h,5m,6h,8h"
spot,CHRBTC,2020-05-07,"12h,15m,1d,1h,1m,1s,2h,30m,3m,4h,5m,6h,8h"
spot,CHRUSDT,2020-05-07,"12h,15m,1d,1h,1m,1s,2h,30m,3m,4h,5m,6h,8h"
spot,CHZBNB,2019-09-06,"12h,15m,1d,1h,1m,1s,2h,30m,3m,4h,5m,6h,8h"
spot,CHZBTC,2019-09-06,"12h,15m,1d,1h,1m,1s,2h,30m,3m,4h,5m,6h,8h"
spot,CHZTRY,2021-01-08,"12h,15m,1d,1h,1m,1s,2h,30m,3m,4h,5m,6h,8h"
spot,CHZUSDC,2024-12-06,"12h,15m,1d,1h,1m,1s,2h,30m,3m,4h,5m,6h,8h"
spot,CHZUSDT,2019-09-06,"12h,15m,1d,1h,1m,1s,2h,30m,3m,4h,5m,6h,8h"
spot,CITYTRY,2023-05-24,"12h,15m,1d,1h,1m,1s,2h,30m,3m,4h,5m,6h,8h"
spot,CITYUSDT,2021-11-10,"12h,15m,1d,1h,1m,1s,2h,30m,3m,4h,5m,6h,8h"
spot,CKBTRY,2024-02-28,"12h,15m,1d,1h,1m,1s,2h,30m,3m,4h,5m,6h,8h"
spot,CKBUSDC,2024-04-11,"12h,15m,1d,1h,1m,1s,2h,30m,3m,4h,5m,6h,8h"
spot,CKBUSDT,2021-01-26,"12h,15m,1d,1h,1m,1s,2h,30m,3m,4h,5m,6h,8h"
spot,COMPBTC,2020-06-25,"12h,15m,1d,1h,1m,1s,2h,30m,3m,4h,5m,6h,8h"
spot,COMPTRY,2023-07-20,"12h,15m,1d,1h,1m,1s,2h,30m,3m,4h,5m,6h,8h"
spot,COMPUSDT,2020-06-25,"12h,15m,1d,1h,1m,1s,2h,30m,3m,4h,5m,6h,8h"
spot,COOKIEUSDC,2025-01-10,"12h,15m,1d,1h,1m,1s,2h,30m,3m,4h,5m,6h,8h"
spot,COOKIEUSDT,2025-01-10,"12h,15m,1d,1h,1m,1s,2h,30m,3m,4h,5m,6h,8h"
spot,COSTRY,2022-01-28,"12h,15m,1d,1h,1m,1s,2h,30m,3m,4h,5m,6h,8h"
spot,COSUSDT,2019-08-03,"12h,15m,1d,1h,1m,1s,2h,30m,3m,4h,5m,6h,8h"
spot,COTIBTC,2020-02-26,"12h,15m,1d,1h,1m,1s,2h,30m,3m,4h,5m,6h,8h"
spot,COTITRY,2024-02-28,"12h,15m,1d,1h,1m,1s,2h,30m,3m,4h,5m,6h,8h"
spot,COTIUSDT,2020-02-26,"12h,15m,1d,1h,1m,1s,2h,30m,3m,4h,5m,6h,8h"
spot,COWTRY,2024-11-13,"12h,15m,1d,1h,1m,1s,2h,30m,3m,4h,5m,6h,8h"
spot,COWUSDC,2024-11-29,"12h,15m,1d,1h,1m,1s,2h,30m,3m,4h,5m,6h,8h"
spot,COWUSDT,2024-11-06,"12h,15m,1d,1h,1m,1s,2h,30m,3m,4h,5m,6h,8h"
spot,CREAMUSDT,2023-09-22,"12h,15m,1d,1h,1m,1s,2h,30m,3m,4h,5m,6h,8h"
spot,CRVBTC,2020-08-15,"12h,15m,1d,1h,1m,1s,2h,30m,3m,4h,5m,6h,8h"
spot,CRVTRY,2024-03-21,"12h,15m,1d,1h,1m,1s,2h,30m,3m,4h,5m,6h,8h"
spot,CRVUSDC,2024-05-17,"12h,15m,1d,1h,1m,1s,2h,30m,3m,4h,5m,6h,8h"
spot,CRVUSDT,2020-08-15,"12h,15m,1d,1h,1m,1s,2h,30m,3m,4h,5m,6h,8h"
spot,CTKBNB,2020-10-27,"12h,15m,1d,1h,1m,1s,2h,30m,3m,4h,5m,6h,8h"
spot,CTKBTC,2020-10-27,"12h,15m,1d,1h,1m,1s,2h,30m,3m,4h,5m,6h,8h"
spot,CTKUSDT,2020-10-27,"12h,15m,1d,1h,1m,1s,2h,30m,3m,4h,5m,6h,8h"
spot,CTSIBTC,2020-04-23,"12h,15m,1d,1h,1m,1s,2h,30m,3m,4h,5m,6h,8h"
spot,CTSIUSDT,2020-04-23,"12h,15m,1d,1h,1m,1s,2h,30m,3m,4h,5m,6h,8h"
spot,CTXCBTC,2019-11-22,"12h,15m,1d,1h,1m,1s,2h,30m,3m,4h,5m,6h,8h"
spot,CTXCUSDT,2019-11-22,"12h,15m,1d,1h,1m,1s,2h,30m,3m,4h,5m,6h,8h"
spot,CVCUSDC,2025-03-13,"12h,15m,1d,1h,1m,1s,2h,30m,3m,4h,5m,6h,8h"
spot,CVCUSDT,2019-08-27,"12h,15m,1d,1h,1m,1s,2h,30m,3m,4h,5m,6h,8h"
spot,CVXUSDT,2021-12-23,"12h,15m,1d,1h,1m,1s,2h,30m,3m,4h,5m,6h,8h"
spot,CYBERBNB,2023-08-15,"12h,15m,1d,1h,1m,1s,2h,30m,3m,4h,5m,6h,8h"
spot,CYBERBTC,2023-08-15,"12h,15m,1d,1h,1m,1s,2h,30m,3m,4h,5m,6h,8h"
spot,CYBERETH,2023-09-21,"12h,15m,1d,1h,1m,1s,2h,30m,3m,4h,5m,6h,8h"
spot,CYBERFDUSD,2023-08-15,"12h,15m,1d,1h,1m,1s,2h,30m,3m,4h,5m,6h,8h"
spot,CYBERTRY,2023-08-15,"12h,15m,1d,1h,1m,1s,2h,30m,3m,4h,5m,6h,8h"
spot,CYBERUSDT,2023-08-15,"12h,15m,1d,1h,1m,1s,2h,30m,3m,4h,5m,6h,8h"
spot,DASHBTC,2017-10-20,"12h,15m,1d,1h,1m,1s,2h,30m,3m,4h,5m,6h,8h"
spot,DASHETH,2017-10-20,"12h,15m,1d,1h,1m,1s,2h,30m,3m,4h,5m,6h,8h"
spot,DASHUSDT,2019-03-28,"12h,15m,1d,1h,1m,1s,2h,30m,3m,4h,5m,6h,8h"
spot,DATABTC,2018-06-08,"12h,15m,1d,1h,1m,1s,2h,30m,3m,4h,5m,6h,8h"
spot,DATAUSDT,2020-04-07,"12h,15m,1d,1h,1m,1s,2h,30m,3m,4h,5m,6h,8h"
spot,DCRUSDT,2020-07-30,"12h,15m,1d,1h,1m,1s,2h,30m,3m,4h,5m,6h,8h"
spot,DEGOUSDT,2021-03-10,"12h,15m,1d,1h,1m,1s,2h,30m,3m,4h,5m,6h,8h"
spot,DENTETH,2018-07-06,"12h,15m,1d,1h,1m,1s,2h,30m,3m,4h,5m,6h,8h"
spot,DENTTRY,2021-12-03,"12h,15m,1d,1h,1m,1s,2h,30m,3m,4h,5m,6h,8h"
spot,DENTUSDT,2019-08-27,"12h,15m,1d,1h,1m,1s,2h,30m,3m,4h,5m,6h,8h"
spot,DEXEUSDT,2021-07-23,"12h,15m,1d,1h,1m,1s,2h,30m,3m,4h,5m,6h,8h"
spot,DFUSDC,2025-03-18,"12h,15m,1d,1h,1m,1s,2h,30m,3m,4h,5m,6h,8h"
spot,DFUSDT,2021-09-24,"12h,15m,1d,1h,1m,1s,2h,30m,3m,4h,5m,6h,8h"
spot,DGBUSDT,2020-07-20,"12h,15m,1d,1h,1m,1s,2h,30m,3m,4h,5m,6h,8h"
spot,DIABTC,2020-09-02,"12h,15m,1d,1h,1m,1s,2h,30m,3m,4h,5m,6h,8h"
spot,DIAUSDT,2020-09-04,"12h,15m,1d,1h,1m,1s,2h,30m,3m,4h,5m,6h,8h"
spot,DODOBTC,2021-02-19,"12h,15m,1d,1h,1m,1s,2h,30m,3m,4h,5m,6h,8h"
spot,DODOUSDT,2021-02-19,"12h,15m,1d,1h,1m,1s,2h,30m,3m,4h,5m,6h,8h"
spot,DOGEBRL,2021-02-02,"12h,15m,1d,1h,1m,1s,2h,30m,3m,4h,5m,6h,8h"
spot,DOGEBTC,2019-07-05,"12h,15m,1d,1h,1m,1s,2h,30m,3m,4h,5m,6h,8h"
spot,DOGEEUR,2021-01-29,"12h,15m,1d,1h,1m,1s,2h,30m,3m,4h,5m,6h,8h"
spot,DOGEFDUSD,2023-09-07,"12h,15m,1d,1h,1m,1s,2h,30m,3m,4h,5m,6h,8h"
spot,DOGEJPY,2024-08-22,"12h,15m,1d,1h,1m,1s,2h,30m,3m,4h,5m,6h,8h"
spot,DOGETRY,2021-01-29,"12h,15m,1d,1h,1m,1s,2h,30m,3m,4h,5m,6h,8h"
spot,DOGETUSD,2023-04-28,"12h,15m,1d,1h,1m,1s,2h,30m,3m,4h,5m,6h,8h"
spot,DOGEUSDC,2019-07-05,"12h,15m,1d,1h,1m,1s,2h,30m,3m,4h,5m,6h,8h"
spot,DOGEUSDT,2019-07-05,"12h,15m,1d,1h,1m,1s,2h,30m,3m,4h,5m,6h,8h"
spot,DOGSFDUSD,2024-08-26,"12h,15m,1d,1h,1m,1s,2h,30m,3m,4h,5m,6h,8h"
spot,DOGSTRY,2024-08-26,"12h,15m,1d,1h,1m,1s,2h,30m,3m,4h,5m,6h,8h"
spot,DOGSUSDC,2024-08-28,"12h,15m,1d,1h,1m,1s,2h,30m,3m,4h,5m,6h,8h"
spot,DOGSUSDT,2024-08-26,"12h,15m,1d,1h,1m,1s,2h,30m,3m,4h,5m,6h,8h"
spot,DOTBNB,2020-08-18,"12h,15m,1d,1h,1m,1s,2h,30m,3m,4h,5m,6h,8h"
spot,DOTBRL,2021-03-05,"12h,15m,1d,1h,1m,1s,2h,30m,3m,4h,5m,6h,8h"
spot,DOTBTC,2020-08-18,"12h,15m,1d,1h,1m,1s,2h,30m,3m,4h,5m,6h,8h"
spot,DOTETH,2021-11-12,"12h,15m,1d,1h,1m,1s,2h,30m,3m,4h,5m,6h,8h"
spot,DOTEUR,2020-10-30,"12h,15m,1d,1h,1m,1s,2h,30m,3m,4h,5m,6h,8h"
spot,DOTFDUSD,2023-10-26,"12h,15m,1d,1h,1m,1s,2h,30m,3m,4h,5m,6h,8h"
spot,DOTTRY,2021-02-09,"12h,15m,1d,1h,1m,1s,2h,30m,3m,4h,5m,6h,8h"
spot,DOTUSDC,2023-12-28,"12h,15m,1d,1h,1m,1s,2h,30m,3m,4h,5m,6h,8h"
spot,DOTUSDT,2020-08-18,"12h,15m,1d,1h,1m,1s,2h,30m,3m,4h,5m,6h,8h"
spot,DTRY,2025-01-09,"12h,15m,1d,1h,1m,1s,2h,30m,3m,4h,5m,6h,8h"
spot,DUSDT,2025-01-09,"12h,15m,1d,1h,1m,1s,2h,30m,3m,4h,5m,6h,8h"
spot,DUSKBTC,2019-07-22,"12h,15m,1d,1h,1m,1s,2h,30m,3m,4h,5m,6h,8h"
spot,DUSKUSDT,2019-07-22,"12h,15m,1d,1h,1m,1s,2h,30m,3m,4h,5m,6h,8h"
spot,DYDXBTC,2021-09-09,"12h,15m,1d,1h,1m,1s,2h,30m,3m,4h,5m,6h,8h"
spot,DYDXFDUSD,2023-11-16,"12h,15m,1d,1h,1m,1s,2h,30m,3m,4h,5m,6h,8h"
spot,DYDXTRY,2023-11-30,"12h,15m,1d,1h,1m,1s,2h,30m,3m,4h,5m,6h,8h"
spot,DYDXUSDC,2024-11-29,"12h,15m,1d,1h,1m,1s,2h,30m,3m,4h,5m,6h,8h"
spot,DYDXUSDT,2021-09-09,"12h,15m,1d,1h,1m,1s,2h,30m,3m,4h,5m,6h,8h"
spot,DYMTRY,2024-02-06,"12h,15m,1d,1h,1m,1s,2h,30m,3m,4h,5m,6h,8h"
spot,DYMUSDT,2024-02-06,"12h,15m,1d,1h,1m,1s,2h,30m,3m,4h,5m,6h,8h"
spot,EDUTRY,2023-05-01,"12h,15m,1d,1h,1m,1s,2h,30m,3m,4h,5m,6h,8h"
spot,EDUUSDT,2023-04-28,"12h,15m,1d,1h,1m,1s,2h,30m,3m,4h,5m,6h,8h"
spot,EGLDBNB,2020-09-03,"12h,15m,1d,1h,1m,1s,2h,30m,3m,4h,5m,6h,8h"
spot,EGLDBTC,2020-09-03,"12h,15m,1d,1h,1m,1s,2h,30m,3m,4h,5m,6h,8h"
spot,EGLDETH,2022-01-05,"12h,15m,1d,1h,1m,1s,2h,30m,3m,4h,5m,6h,8h"
spot,EGLDEUR,2021-03-05,"12h,15m,1d,1h,1m,1s,2h,30m,3m,4h,5m,6h,8h"
spot,EGLDFDUSD,2023-11-09,"12h,15m,1d,1h,1m,1s,2h,30m,3m,4h,5m,6h,8h"
spot,EGLDRON,2023-04-21,"12h,15m,1d,1h,1m,1s,2h,30m,3m,4h,5m,6h,8h"
spot,EGLDTRY,2024-05-08,"12h,15m,1d,1h,1m,1s,2h,30m,3m,4h,5m,6h,8h"
spot,EGLDUSDC,2025-03-11,"12h,15m,1d,1h,1m,1s,2h,30m,3m,4h,5m,6h,8h"
spot,EGLDUSDT,2020-09-03,"12h,15m,1d,1h,1m,1s,2h,30m,3m,4h,5m,6h,8h"
spot,EIGENBTC,2024-10-01,"12h,15m,1d,1h,1m,1s,2h,30m,3m,4h,5m,6h,8h"
spot,EIGENFDUSD,2024-10-01,"12h,15m,1d,1h,1m,1s,2h,30m,3m,4h,5m,6h,8h"
spot,EIGENTRY,2024-10-01,"12h,15m,1d,1h,1m,1s,2h,30m,3m,4h,5m,6h,8h"
spot,EIGENUSDC,2024-11-28,"12h,15m,1d,1h,1m,1s,2h,30m,3m,4h,5m,6h,8h"
spot,EIGENUSDT,2024-10-01,"12h,15m,1d,1h,1m,1s,2h,30m,3m,4h,5m,6h,8h"
spot,ELFBTC,2017-12-21,"12h,15m,1d,1h,1m,1s,2h,30m,3m,4h,5m,6h,8h"
spot,ELFETH,2017-12-21,"12h,15m,1d,1h,1m,1s,2h,30m,3m,4h,5m,6h,8h"
spot,ELFUSDT,2021-09-08,"12h,15m,1d,1h,1m,1s,2h,30m,3m,4h,5m,6h,8h"
spot,ENABNB,2024-04-02,"12h,15m,1d,1h,1m,1s,2h,30m,3m,4h,5m,6h,8h"
spot,ENABRL,2024-12-04,"12h,15m,1d,1h,1m,1s,2h,30m,3m,4h,5m,6h,8h"
spot,ENABTC,2024-04-02,"12h,15m,1d,1h,1m,1s,2h,30m,3m,4h,5m,6h,8h"
spot,ENAFDUSD,2024-04-02,"12h,15m,1d,1h,1m,1s,2h,30m,3m,4h,5m,6h,8h"
spot,ENATRY,2024-04-02,"12h,15m,1d,1h,1m,1s,2h,30m,3m,4h,5m,6h,8h"
spot,ENAUSDC,2024-04-11,"12h,15m,1d,1h,1m,1s,2h,30m,3m,4h,5m,6h,8h"
spot,ENAUSDT,2024-04-02,"12h,15m,1d,1h,1m,1s,2h,30m,3m,4h,5m,6h,8h"
spot,ENJBTC,2017-11-03,"12h,15m,1d,1h,1m,1s,2h,30m,3m,4h,5m,6h,8h"
spot,ENJTRY,2021-12-03,"12h,15m,1d,1h,1m,1s,2h,30m,3m,4h,5m,6h,8h"
spot,ENJUSDT,2019-04-18,"12h,15m,1d,1h,1m,1s,2h,30m,3m,4h,5m,6h,8h"
spot,ENSBTC,2021-11-10,"12h,15m,1d,1h,1m,1s,2h,30m,3m,4h,5m,6h,8h"
spot,ENSFDUSD,2024-01-19,"12h,15m,1d,1h,1m,1s,2h,30m,3m,4h,5m,6h,8h"
spot,ENSTRY,2022-05-13,"12h,15m,1d,1h,1m,1s,2h,30m,3m,4h,5m,6h,8h"
spot,ENSUSDC,2024-05-29,"12h,15m,1d,1h,1m,1s,2h,30m,3m,4h,5m,6h,8h"
spot,ENSUSDT,2021-11-10,"12h,15m,1d,1h,1m,1s,2h,30m,3m,4h,5m,6h,8h"
spot,EOSBTC,2017-10-11,"12h,15m,1d,1h,1m,1s,2h,30m,3m,4h,5m,6h,8h"
spot,EOSETH,2017-07-27,"12h,15m,1d,1h,1m,1s,2h,30m,3m,4h,5m,6h,8h"
spot,EOSFDUSD,2024-12-04,"12h,15m,1d,1h,1m,1s,2h,30m,3m,4h,5m,6h,8h"
spot,EOSTRY,2021-03-30,"12h,15m,1d,1h,1m,1s,2h,30m,3m,4h,5m,6h,8h"
spot,EOSUSDC,2018-12-15,"12h,15m,1d,1h,1m,1s,2h,30m,3m,4h,5m,6h,8h"
spot,EOSUSDT,2018-05-28,"12h,15m,1d,1h,1m,1s,2h,30m,3m,4h,5m,6h,8h"
spot,EPICUSDC,2025-03-18,"12h,15m,1d,1h,1m,1s,2h,30m,3m,4h,5m,6h,8h"
spot,EPICUSDT,2025-03-13,"12h,15m,1d,1h,1m,1s,2h,30m,3m,4h,5m,6h,8h"
spot,ETCBNB,2018-06-12,"12h,15m,1d,1h,1m,1s,2h,30m,3m,4h,5m,6h,8h"
spot,ETCBTC,2017-10-12,"12h,15m,1d,1h,1m,1s,2h,30m,3m,4h,5m,6h,8h"
spot,ETCETH,2017-10-12,"12h,15m,1d,1h,1m,1s,2h,30m,3m,4h,5m,6h,8h"
spot,ETCFDUSD,2024-01-19,"12h,15m,1d,1h,1m,1s,2h,30m,3m,4h,5m,6h,8h"
spot,ETCTRY,2022-08-05,"12h,15m,1d,1h,1m,1s,2h,30m,3m,4h,5m,6h,8h"
spot,ETCUSDT,2018-06-12,"12h,15m,1d,1h,1m,1s,2h,30m,3m,4h,5m,6h,8h"
spot,ETHARS,2024-07-18,"12h,15m,1d,1h,1m,1s,2h,30m,3m,4h,5m,6h,8h"
spot,ETHBRL,2020-10-30,"12h,15m,1d,1h,1m,1s,2h,30m,3m,4h,5m,6h,8h"
spot,ETHBTC,2017-07-14,"12h,15m,1d,1h,1m,1s,2h,30m,3m,4h,5m,6h,8h"
spot,ETHDAI,2020-08-11,"12h,15m,1d,1h,1m,1s,2h,30m,3m,4h,5m,6h,8h"
spot,ETHEUR,2020-01-03,"12h,15m,1d,1h,1m,1s,2h,30m,3m,4h,5m,6h,8h"
spot,ETHEURI,2024-11-20,"12h,15m,1d,1h,1m,1s,2h,30m,3m,4h,5m,6h,8h"
spot,ETHFDUSD,2023-08-04,"12h,15m,1d,1h,1m,1s,2h,30m,3m,4h,5m,6h,8h"
spot,ETHFIFDUSD,2024-03-18,"12h,15m,1d,1h,1m,1s,2h,30m,3m,4h,5m,6h,8h"
spot,ETHFITRY,2024-03-18,"12h,15m,1d,1h,1m,1s,2h,30m,3m,4h,5m,6h,8h"
spot,ETHFIUSDC,2024-04-11,"12h,15m,1d,1h,1m,1s,2h,30m,3m,4h,5m,6h,8h"
spot,ETHFIUSDT,2024-03-18,"12h,15m,1d,1h,1m,1s,2h,30m,3m,4h,5m,6h,8h"
spot,ETHJPY,2024-03-12,"12h,15m,1d,1h,1m,1s,2h,30m,3m,4h,5m,6h,8h"
spot,ETHMXN,2025-02-25,"12h,15m,1d,1h,1m,1s,2h,30m,3m,4h,5m,6h,8h"
spot,ETHPLN,2022-10-19,"12h,15m,1d,1h,1m,1s,2h,30m,3m,4h,5m,6h,8h"
spot,ETHTRY,2019-12-25,"12h,15m,1d,1h,1m,1s,2h,30m,3m,4h,5m,6h,8h"
spot,ETHTUSD,2018-05-22,"12h,15m,1d,1h,1m,1s,2h,30m,3m,4h,5m,6h,8h"
spot,ETHUSDC,2018-12-15,"12h,15m,1d,1h,1m,1s,2h,30m,3m,4h,5m,6h,8h"
spot,ETHUSDT,2017-08-17,"12h,15m,1d,1h,1m,1s,2h,30m,3m,4h,5m,6h,8h"
spot,ETHZAR,2020-03-27,"12h,15m,1d,1h,1m,1s,2h,30m,3m,4h,5m,6h,8h"
spot,EUREURI,2024-08-28,"12h,15m,1d,1h,1m,1s,2h,30m,3m,4h,5m,6h,8h"
spot,EURIUSDC,2025-03-13,"12h,15m,1d,1h,1m,1s,2h,30m,3m,4h,5m,6h,8h"
spot,EURIUSDT,2024-08-28,"12h,15m,1d,1h,1m,1s,2h,30m,3m,4h,5m,6h,8h"
spot,EURUSDC,2024-03-14,"12h,15m,1d,1h,1m,1s,2h,30m,3m,4h,5m,6h,8h"
spot,EURUSDT,2020-01-03,"12h,15m,1d,1h,1m,1s,2h,30m,3m,4h,5m,6h,8h"
spot,FARMUSDT,2021-08-11,"12h,15m,1d,1h,1m,1s,2h,30m,3m,4h,5m,6h,8h"
spot,FDUSDTRY,2023-10-05,"12h,15m,1d,1h,1m,1s,2h,30m,3m,4h,5m,6h,8h"
spot,FDUSDUSDC,2024-11-22,"12h,15m,1d,1h,1m,1s,2h,30m,3m,4h,5m,6h,8h"
spot,FDUSDUSDT,2023-07-26,"12h,15m,1d,1h,1m,1s,2h,30m,3m,4h,5m,6h,8h"
spot,FETBNB,2019-02-28,"12h,15m,1d,1h,1m,1s,2h,30m,3m,4h,5m,6h,8h"
spot,FETBTC,2019-02-28,"12h,15m,1d,1h,1m,1s,2h,30m,3m,4h,5m,6h,8h"
spot,FETFDUSD,2023-11-09,"12h,15m,1d,1h,1m,1s,2h,30m,3m,4h,5m,6h,8h"
spot,FETTRY,2023-01-27,"12h,15m,1d,1h,1m,1s,2h,30m,3m,4h,5m,6h,8h"
spot,FETUSDC,2024-03-14,"12h,15m,1d,1h,1m,1s,2h,30m,3m,4h,5m,6h,8h"
spot,FETUSDT,2019-02-28,"12h,15m,1d,1h,1m,1s,2h,30m,3m,4h,5m,6h,8h"
spot,FIDABTC,2021-09-30,"12h,15m,1d,1h,1m,1s,2h,30m,3m,4h,5m,6h,8h"
spot,FIDATRY,2023-12-14,"12h,15m,1d,1h,1m,1s,2h,30m,3m,4h,5m,6h,8h"
spot,FIDAUSDT,2021-09-30,"12h,15m,1d,1h,1m,1s,2h,30m,3m,4h,5m,6h,8h"
spot,FILBTC,2020-10-15,"12h,15m,1d,1h,1m,1s,2h,30m,3m,4h,5m,6h,8h"
spot,FILETH,2022-08-12,"12h,15m,1d,1h,1m,1s,2h,30m,3m,4h,5m,6h,8h"
spot,FILFDUSD,2023-10-12,"12h,15m,1d,1h,1m,1s,2h,30m,3m,4h,5m,6h,8h"
spot,FILTRY,2022-04-08,"12h,15m,1d,1h,1m,1s,2h,30m,3m,4h,5m,6h,8h"
spot,FILUSDC,2024-02-23,"12h,15m,1d,1h,1m,1s,2h,30m,3m,4h,5m,6h,8h"
spot,FILUSDT,2020-10-15,"12h,15m,1d,1h,1m,1s,2h,30m,3m,4h,5m,6h,8h"
spot,FIOBTC,2020-07-31,"12h,15m,1d,1h,1m,1s,2h,30m,3m,4h,5m,6h,8h"
spot,FIOUSDT,2020-09-04,"12h,15m,1d,1h,1m,1s,2h,30m,3m,4h,5m,6h,8h"
spot,FIROUSDT,2021-01-29,"12h,15m,1d,1h,1m,1s,2h,30m,3m,4h,5m,6h,8h"
spot,FISBTC,2021-03-03,"12h,15m,1d,1h,1m,1s,2h,30m,3m,4h,5m,6h,8h"
spot,FISUSDT,2021-03-03,"12h,15m,1d,1h,1m,1s,2h,30m,3m,4h,5m,6h,8h"
spot,FLMBTC,2020-09-28,"12h,15m,1d,1h,1m,1s,2h,30m,3m,4h,5m,6h,8h"
spot,FLMUSDT,2020-09-28,"12h,15m,1d,1h,1m,1s,2h,30m,3m,4h,5m,6h,8h"
spot,FLOKIFDUSD,2024-03-13,"12h,15m,1d,1h,1m,1s,2h,30m,3m,4h,5m,6h,8h"
spot,FLOKITRY,2023-05-24,"12h,15m,1d,1h,1m,1s,2h,30m,3m,4h,5m,6h,8h"
spot,FLOKIUSDC,2024-03-27,"12h,15m,1d,1h,1m,1s,2h,30m,3m,4h,5m,6h,8h"
spot,FLOKIUSDT,2023-05-05,"12h,15m,1d,1h,1m,1s,2h,30m,3m,4h,5m,6h,8h"
spot,FLOWBTC,2021-07-30,"12h,15m,1d,1h,1m,1s,2h,30m,3m,4h,5m,6h,8h"
spot,FLOWUSDT,2021-07-30,"12h,15m,1d,1h,1m,1s,2h,30m,3m,4h,5m,6h,8h"
spot,FLUXBTC,2021-12-10,"12h,15m,1d,1h,1m,1s,2h,30m,3m,4h,5m,6h,8h"
spot,FLUXUSDT,2021-12-10,"12h,15m,1d,1h,1m,1s,2h,30m,3m,4h,5m,6h,8h"
spot,FORMTRY,2025-03-19,"12h,15m,1d,1h,1m,1s,2h,30m,3m,4h,5m,6h,8h"
spot,FORMUSDC,2025-03-19,"12h,15m,1d,1h,1m,1s,2h,30m,3m,4h,5m,6h,8h"
spot,FORMUSDT,2025-03-19,"12h,15m,1d,1h,1m,1s,2h,30m,3m,4h,5m,6h,8h"
spot,FORTHBTC,2021-04-23,"12h,15m,1d,1h,1m,1s,2h,30m,3m,4h,5m,6h,8h"
spot,FORTHUSDT,2021-04-23,"12h,15m,1d,1h,1m,1s,2h,30m,3m,4h,5m,6h,8h"
spot,FTTUSDT,2019-12-20,"12h,15m,1d,1h,1m,1s,2h,30m,3m,4h,5m,6h,8h"
spot,FUNUSDT,2019-08-27,"12h,15m,1d,1h,1m,1s,2h,30m,3m,4h,5m,6h,8h"
spot,FXSUSDT,2021-12-10,"12h,15m,1d,1h,1m,1s,2h,30m,3m,4h,5m,6h,8h"
spot,GALABRL,2021-12-10,"12h,15m,1d,1h,1m,1s,2h,30m,3m,4h,5m,6h,8h"
spot,GALABTC,2021-09-13,"12h,15m,1d,1h,1m,1s,2h,30m,3m,4h,5m,6h,8h"
spot,GALAETH,2021-11-22,"12h,15m,1d,1h,1m,1s,2h,30m,3m,4h,5m,6h,8h"
spot,GALAEUR,2022-03-11,"12h,15m,1d,1h,1m,1s,2h,30m,3m,4h,5m,6h,8h"
spot,GALAFDUSD,2023-11-23,"12h,15m,1d,1h,1m,1s,2h,30m,3m,4h,5m,6h,8h"
spot,GALATRY,2021-12-10,"12h,15m,1d,1h,1m,1s,2h,30m,3m,4h,5m,6h,8h"
spot,GALAUSDC,2024-04-19,"12h,15m,1d,1h,1m,1s,2h,30m,3m,4h,5m,6h,8h"
spot,GALAUSDT,2021-09-13,"12h,15m,1d,1h,1m,1s,2h,30m,3m,4h,5m,6h,8h"
spot,GASBTC,2017-08-07,"12h,15m,1d,1h,1m,1s,2h,30m,3m,4h,5m,6h,8h"
spot,GASTRY,2023-11-23,"12h,15m,1d,1h,1m,1s,2h,30m,3m,4h,5m,6h,8h"
spot,GASUSDT,2023-03-17,"12h,15m,1d,1h,1m,1s,2h,30m,3m,4h,5m,6h,8h"
spot,GHSTUSDT,2021-08-20,"12h,15m,1d,1h,1m,1s,2h,30m,3m,4h,5m,6h,8h"
spot,GLMBTC,2020-12-10,"12h,15m,1d,1h,1m,1s,2h,30m,3m,4h,5m,6h,8h"
spot,GLMRBTC,2022-01-11,"12h,15m,1d,1h,1m,1s,2h,30m,3m,4h,5m,6h,8h"
spot,GLMRUSDT,2022-01-11,"12h,15m,1d,1h,1m,1s,2h,30m,3m,4h,5m,6h,8h"
spot,GLMUSDT,2023-03-17,"12h,15m,1d,1h,1m,1s,2h,30m,3m,4h,5m,6h,8h"
spot,GMTBTC,2022-03-09,"12h,15m,1d,1h,1m,1s,2h,30m,3m,4h,5m,6h,8h"
spot,GMTEUR,2022-04-01,"12h,15m,1d,1h,1m,1s,2h,30m,3m,4h,5m,6h,8h"
spot,GMTTRY,2022-04-15,"12h,15m,1d,1h,1m,1s,2h,30m,3m,4h,5m,6h,8h"
spot,GMTUSDT,2022-03-09,"12h,15m,1d,1h,1m,1s,2h,30m,3m,4h,5m,6h,8h"
spot,GMXUSDC,2025-03-18,"12h,15m,1d,1h,1m,1s,2h,30m,3m,4h,5m,6h,8h"
spot,GMXUSDT,2022-10-05,"12h,15m,1d,1h,1m,1s,2h,30m,3m,4h,5m,6h,8h"
spot,GNOUSDT,2021-08-30,"12h,15m,1d,1h,1m,1s,2h,30m,3m,4h,5m,6h,8h"
spot,GNSUSDT,2023-02-17,"12h,15m,1d,1h,1m,1s,2h,30m,3m,4h,5m,6h,8h"
spot,GPSBNB,2025-03-04,"12h,15m,1d,1h,1m,1s,2h,30m,3m,4h,5m,6h,8h"
spot,GPSFDUSD,2025-03-04,"12h,15m,1d,1h,1m,1s,2h,30m,3m,4h,5m,6h,8h"
spot,GPSTRY,2025-03-04,"12h,15m,1d,1h,1m,1s,2h,30m,3m,4h,5m,6h,8h"
spot,GPSUSDC,2025-03-04,"12h,15m,1d,1h,1m,1s,2h,30m,3m,4h,5m,6h,8h"
spot,GPSUSDT,2025-03-04,"12h,15m,1d,1h,1m,1s,2h,30m,3m,4h,5m,6h,8h"
spot,GRTBTC,2020-12-17,"12h,15m,1d,1h,1m,1s,2h,30m,3m,4h,5m,6h,8h"
spot,GRTETH,2020-12-17,"12h,15m,1d,1h,1m,1s,2h,30m,3m,4h,5m,6h,8h"
spot,GRTEUR,2021-01-08,"12h,15m,1d,1h,1m,1s,2h,30m,3m,4h,5m,6h,8h"
spot,GRTFDUSD,2024-03-13,"12h,15m,1d,1h,1m,1s,2h,30m,3m,4h,5m,6h,8h"
spot,GRTTRY,2021-07-11,"12h,15m,1d,1h,1m,1s,2h,30m,3m,4h,5m,6h,8h"
spot,GRTUSDT,2020-12-17,"12h,15m,1d,1h,1m,1s,2h,30m,3m,4h,5m,6h,8h"
spot,GTCUSDT,2021-06-10,"12h,15m,1d,1h,1m,1s,2h,30m,3m,4h,5m,6h,8h"
spot,GTRY,2024-07-19,"12h,15m,1d,1h,1m,1s,2h,30m,3m,4h,5m,6h,8h"
spot,GUNBNB,2025-03-31,"12h,15m,1d,1h,1m,1s,2h,30m,3m,4h,5m,6h,8h"
spot,GUNFDUSD,2025-03-31,"12h,15m,1d,1h,1m,1s,2h,30m,3m,4h,5m,6h,8h"
spot,GUNTRY,2025-03-31,"12h,15m,1d,1h,1m,1s,2h,30m,3m,4h,5m,6h,8h"
spot,GUNUSDC,2025-04-03,"12h,15m,1d,1h,1m,1s,2h,30m,3m,4h,5m,6h,8h"
spot,GUNUSDT,2025-03-31,"12h,15m,1d,1h,1m,1s,2h,30m,3m,4h,5m,6h,8h"
spot,GUSDT,2024-07-19,"12h,15m,1d,1h,1m,1s,2h,30m,3m,4h,5m,6h,8h"
spot,HARDUSDT,2020-11-06,"12h,15m,1d,1h,1m,1s,2h,30m,3m,4h,5m,6h,8h"
spot,HBARBNB,2019-09-29,"12h,15m,1d,1h,1m,1s,2h,30m,3m,4h,5m,6h,8h"
spot,HBARBTC,2019-09-29,"12h,15m,1d,1h,1m,1s,2h,30m,3m,4h,5m,6h,8h"
spot,HBARFDUSD,2024-11-28,"12h,15m,1d,1h,1m,1s,2h,30m,3m,4h,5m,6h,8h"
spot,HBARTRY,2024-02-23,"12h,15m,1d,1h,1m,1s,2h,30m,3m,4h,5m,6h,8h"
spot,HBARUSDC,2024-11-22,"12h,15m,1d,1h,1m,1s,2h,30m,3m,4h,5m,6h,8h"
spot,HBARUSDT,2019-09-29,"12h,15m,1d,1h,1m,1s,2h,30m,3m,4h,5m,6h,8h"
spot,HEIBTC,2025-02-13,"12h,15m,1d,1h,1m,1s,2h,30m,3m,4h,5m,6h,8h"
spot,HEIUSDC,2025-02-18,"12h,15m,1d,1h,1m,1s,2h,30m,3m,4h,5m,6h,8h"
spot,HEIUSDT,2025-02-13,"12h,15m,1d,1h,1m,1s,2h,30m,3m,4h,5m,6h,8h"
spot,HFTBTC,2022-11-07,"12h,15m,1d,1h,1m,1s,2h,30m,3m,4h,5m,6h,8h"
spot,HFTUSDT,2022-11-07,"12h,15m,1d,1h,1m,1s,2h,30m,3m,4h,5m,6h,8h"
spot,HIFIUSDT,2023-01-12,"12h,15m,1d,1h,1m,1s,2h,30m,3m,4h,5m,6h,8h"
spot,HIGHTRY,2024-06-05,"12h,15m,1d,1h,1m,1s,2h,30m,3m,4h,5m,6h,8h"
spot,HIGHUSDT,2021-12-17,"12h,15m,1d,1h,1m,1s,2h,30m,3m,4h,5m,6h,8h"
spot,HIVEBTC,2020-04-27,"12h,15m,1d,1h,1m,1s,2h,30m,3m,4h,5m,6h,8h"
spot,HIVEFDUSD,2024-12-13,"12h,15m,1d,1h,1m,1s,2h,30m,3m,4h,5m,6h,8h"
spot,HIVETRY,2025-01-08,"12h,15m,1d,1h,1m,1s,2h,30m,3m,4h,5m,6h,8h"
spot,HIVEUSDC,2024-12-13,"12h,15m,1d,1h,1m,1s,2h,30m,3m,4h,5m,6h,8h"
spot,HIVEUSDT,2020-04-27,"12h,15m,1d,1h,1m,1s,2h,30m,3m,4h,5m,6h,8h"
spot,HMSTRFDUSD,2024-09-26,"12h,15m,1d,1h,1m,1s,2h,30m,3m,4h,5m,6h,8h"
spot,HMSTRTRY,2024-09-26,"12h,15m,1d,1h,1m,1s,2h,30m,3m,4h,5m,6h,8h"
spot,HMSTRUSDC,2024-11-29,"12h,15m,1d,1h,1m,1s,2h,30m,3m,4h,5m,6h,8h"
spot,HMSTRUSDT,2024-09-26,"12h,15m,1d,1h,1m,1s,2h,30m,3m,4h,5m,6h,8h"
spot,HOOKUSDT,2022-12-01,"12h,15m,1d,1h,1m,1s,2h,30m,3m,4h,5m,6h,8h"
spot,HOTETH,2018-07-24,"12h,15m,1d,1h,1m,1s,2h,30m,3m,4h,5m,6h,8h"
spot,HOTTRY,2021-03-05,"12h,15m,1d,1h,1m,1s,2h,30m,3m,4h,5m,6h,8h"
spot,HOTUSDT,2019-02-18,"12h,15m,1d,1h,1m,1s,2h,30m,3m,4h,5m,6h,8h"
spot,ICPBTC,2021-05-11,"12h,15m,1d,1h,1m,1s,2h,30m,3m,4h,5m,6h,8h"
spot,ICPETH,2022-01-05,"12h,15m,1d,1h,1m,1s,2h,30m,3m,4h,5m,6h,8h"
spot,ICPEUR,2021-06-04,"12h,15m,1d,1h,1m,1s,2h,30m,3m,4h,5m,6h,8h"
spot,ICPFDUSD,2024-01-05,"12h,15m,1d,1h,1m,1s,2h,30m,3m,4h,5m,6h,8h"
spot,ICPTRY,2022-01-14,"12h,15m,1d,1h,1m,1s,2h,30m,3m,4h,5m,6h,8h"
spot,ICPUSDC,2024-04-24,"12h,15m,1d,1h,1m,1s,2h,30m,3m,4h,5m,6h,8h"
spot,ICPUSDT,2021-05-11,"12h,15m,1d,1h,1m,1s,2h,30m,3m,4h,5m,6h,8h"
spot,ICXBTC,2017-12-18,"12h,15m,1d,1h,1m,1s,2h,30m,3m,4h,5m,6h,8h"
spot,ICXUSDT,2018-06-13,"12h,15m,1d,1h,1m,1s,2h,30m,3m,4h,5m,6h,8h"
spot,IDBTC,2023-03-22,"12h,15m,1d,1h,1m,1s,2h,30m,3m,4h,5m,6h,8h"
spot,IDEXFDUSD,2024-12-13,"12h,15m,1d,1h,1m,1s,2h,30m,3m,4h,5m,6h,8h"
spot,IDEXUSDC,2024-12-13,"12h,15m,1d,1h,1m,1s,2h,30m,3m,4h,5m,6h,8h"
spot,IDEXUSDT,2021-09-09,"12h,15m,1d,1h,1m,1s,2h,30m,3m,4h,5m,6h,8h"
spot,IDTRY,2023-03-24,"12h,15m,1d,1h,1m,1s,2h,30m,3m,4h,5m,6h,8h"
spot,IDUSDT,2023-03-22,"12h,15m,1d,1h,1m,1s,2h,30m,3m,4h,5m,6h,8h"
spot,ILVBTC,2021-09-22,"12h,15m,1d,1h,1m,1s,2h,30m,3m,4h,5m,6h,8h"
spot,ILVUSDT,2021-09-22,"12h,15m,1d,1h,1m,1s,2h,30m,3m,4h,5m,6h,8h"
spot,IMXBTC,2022-01-10,"12h,15m,1d,1h,1m,1s,2h,30m,3m,4h,5m,6h,8h"
spot,IMXUSDT,2022-01-10,"12h,15m,1d,1h,1m,1s,2h,30m,3m,4h,5m,6h,8h"
spot,INJBNB,2020-10-21,"12h,15m,1d,1h,1m,1s,2h,30m,3m,4h,5m,6h,8h"
spot,INJBTC,2020-10-21,"12h,15m,1d,1h,1m,1s,2h,30m,3m,4h,5m,6h,8h"
spot,INJETH,2023-11-09,"12h,15m,1d,1h,1m,1s,2h,30m,3m,4h,5m,6h,8h"
spot,INJFDUSD,2023-12-14,"12h,15m,1d,1h,1m,1s,2h,30m,3m,4h,5m,6h,8h"
spot,INJTRY,2022-02-25,"12h,15m,1d,1h,1m,1s,2h,30m,3m,4h,5m,6h,8h"
spot,INJUSDC,2023-12-28,"12h,15m,1d,1h,1m,1s,2h,30m,3m,4h,5m,6h,8h"
spot,INJUSDT,2020-10-21,"12h,15m,1d,1h,1m,1s,2h,30m,3m,4h,5m,6h,8h"
spot,IOBNB,2024-06-11,"12h,15m,1d,1h,1m,1s,2h,30m,3m,4h,5m,6h,8h"
spot,IOBTC,2024-06-11,"12h,15m,1d,1h,1m,1s,2h,30m,3m,4h,5m,6h,8h"
spot,IOFDUSD,2024-06-11,"12h,15m,1d,1h,1m,1s,2h,30m,3m,4h,5m,6h,8h"
spot,IOSTUSDT,2019-03-22,"12h,15m,1d,1h,1m,1s,2h,30m,3m,4h,5m,6h,8h"
spot,IOTABTC,2017-09-30,"12h,15m,1d,1h,1m,1s,2h,30m,3m,4h,5m,6h,8h"
spot,IOTAETH,2017-09-30,"12h,15m,1d,1h,1m,1s,2h,30m,3m,4h,5m,6h,8h"
spot,IOTATRY,2023-12-14,"12h,15m,1d,1h,1m,1s,2h,30m,3m,4h,5m,6h,8h"
spot,IOTAUSDC,2025-03-20,"12h,15m,1d,1h,1m,1s,2h,30m,3m,4h,5m,6h,8h"
spot,IOTAUSDT,2018-05-31,"12h,15m,1d,1h,1m,1s,2h,30m,3m,4h,5m,6h,8h"
spot,IOTRY,2024-06-11,"12h,15m,1d,1h,1m,1s,2h,30m,3m,4h,5m,6h,8h"
spot,IOTXBTC,2018-06-01,"12h,15m,1d,1h,1m,1s,2h,30m,3m,4h,5m,6h,8h"
spot,IOTXETH,2018-06-01,"12h,15m,1d,1h,1m,1s,2h,30m,3m,4h,5m,6h,8h"
spot,IOTXJPY,2025-01-16,"12h,15m,1d,1h,1m,1s,2h,30m,3m,4h,5m,6h,8h"
spot,IOTXUSDT,2019-11-14,"12h,15m,1d,1h,1m,1s,2h,30m,3m,4h,5m,6h,8h"
spot,IOUSDC,2024-07-12,"12h,15m,1d,1h,1m,1s,2h,30m,3m,4h,5m,6h,8h"
spot,IOUSDT,2024-06-11,"12h,15m,1d,1h,1m,1s,2h,30m,3m,4h,5m,6h,8h"
spot,IQUSDT,2023-09-22,"12h,15m,1d,1h,1m,1s,2h,30m,3m,4h,5m,6h,8h"
spot,JASMYTRY,2022-03-25,"12h,15m,1d,1h,1m,1s,2h,30m,3m,4h,5m,6h,8h"
spot,JASMYUSDT,2021-11-22,"12h,15m,1d,1h,1m,1s,2h,30m,3m,4h,5m,6h,8h"
spot,JOEBTC,2021-12-28,"12h,15m,1d,1h,1m,1s,2h,30m,3m,4h,5m,6h,8h"
spot,JOEUSDT,2021-12-28,"12h,15m,1d,1h,1m,1s,2h,30m,3m,4h,5m,6h,8h"
spot,JSTBTC,2020-08-11,"12h,15m,1d,1h,1m,1s,2h,30m,3m,4h,5m,6h,8h"
spot,JSTUSDT,2020-08-11,"12h,15m,1d,1h,1m,1s,2h,30m,3m,4h,5m,6h,8h"
spot,JTOFDUSD,2023-12-07,"12h,15m,1d,1h,1m,1s,2h,30m,3m,4h,5m,6h,8h"
spot,JTOTRY,2023-12-07,"12h,15m,1d,1h,1m,1s,2h,30m,3m,4h,5m,6h,8h"
spot,JTOUSDC,2024-04-05,"12h,15m,1d,1h,1m,1s,2h,30m,3m,4h,5m,6h,8h"
spot,JTOUSDT,2023-12-07,"12h,15m,1d,1h,1m,1s,2h,30m,3m,4h,5m,6h,8h"
spot,JUPFDUSD,2024-01-31,"12h,15m,1d,1h,1m,1s,2h,30m,3m,4h,5m,6h,8h"
spot,JUPTRY,2024-01-31,"12h,15m,1d,1h,1m,1s,2h,30m,3m,4h,5m,6h,8h"
spot,JUPUSDC,2024-02-07,"12h,15m,1d,1h,1m,1s,2h,30m,3m,4h,5m,6h,8h"
spot,JUPUSDT,2024-01-31,"12h,15m,1d,1h,1m,1s,2h,30m,3m,4h,5m,6h,8h"
spot,JUVTRY,2023-08-10,"12h,15m,1d,1h,1m,1s,2h,30m,3m,4h,5m,6h,8h"
spot,JUVUSDC,2025-03-20,"12h,15m,1d,1h,1m,1s,2h,30m,3m,4h,5m,6h,8h"
spot,JUVUSDT,2020-12-21,"12h,15m,1d,1h,1m,1s,2h,30m,3m,4h,5m,6h,8h"
spot,KAIAUSDC,2024-12-04,"12h,15m,1d,1h,1m,1s,2h,30m,3m,4h,5m,6h,8h"
spot,KAIAUSDT,2024-10-31,"12h,15m,1d,1h,1m,1s,2h,30m,3m,4h,5m,6h,8h"
spot,KAITOBNB,2025-02-20,"12h,15m,1d,1h,1m,1s,2h,30m,3m,4h,5m,6h,8h"
spot,KAITOBRL,2025-02-25,"12h,15m,1d,1h,1m,1s,2h,30m,3m,4h,5m,6h,8h"
spot,KAITOBTC,2025-02-20,"12h,15m,1d,1h,1m,1s,2h,30m,3m,4h,5m,6h,8h"
spot,KAITOFDUSD,2025-02-20,"12h,15m,1d,1h,1m,1s,2h,30m,3m,4h,5m,6h,8h"
spot,KAITOTRY,2025-02-20,"12h,15m,1d,1h,1m,1s,2h,30m,3m,4h,5m,6h,8h"
spot,KAITOUSDC,2025-02-20,"12h,15m,1d,1h,1m,1s,2h,30m,3m,4h,5m,6h,8h"
spot,KAITOUSDT,2025-02-20,"12h,15m,1d,1h,1m,1s,2h,30m,3m,4h,5m,6h,8h"
spot,KAVABTC,2019-10-25,"12h,15m,1d,1h,1m,1s,2h,30m,3m,4h,5m,6h,8h"
spot,KAVAUSDT,2019-10-25,"12h,15m,1d,1h,1m,1s,2h,30m,3m,4h,5m,6h,8h"
spot,KDABTC,2022-03-11,"12h,15m,1d,1h,1m,1s,2h,30m,3m,4h,5m,6h,8h"
spot,KDAUSDT,2022-03-11,"12h,15m,1d,1h,1m,1s,2h,30m,3m,4h,5m,6h,8h"
spot,KMDBTC,2017-11-07,"12h,15m,1d,1h,1m,1s,2h,30m,3m,4h,5m,6h,8h"
spot,KMDUSDT,2020-08-11,"12h,15m,1d,1h,1m,1s,2h,30m,3m,4h,5m,6h,8h"
spot,KNCBTC,2017-09-26,"12h,15m,1d,1h,1m,1s,2h,30m,3m,4h,5m,6h,8h"
spot,KNCUSDT,2020-06-12,"12h,15m,1d,1h,1m,1s,2h,30m,3m,4h,5m,6h,8h"
spot,KSMBTC,2020-09-02,"12h,15m,1d,1h,1m,1s,2h,30m,3m,4h,5m,6h,8h"
spot,KSMTRY,2024-12-11,"12h,15m,1d,1h,1m,1s,2h,30m,3m,4h,5m,6h,8h"
spot,KSMUSDT,2020-09-04,"12h,15m,1d,1h,1m,1s,2h,30m,3m,4h,5m,6h,8h"
spot,LAYERBNB,2025-02-11,"12h,15m,1d,1h,1m,1s,2h,30m,3m,4h,5m,6h,8h"
spot,LAYERBTC,2025-02-11,"12h,15m,1d,1h,1m,1s,2h,30m,3m,4h,5m,6h,8h"
spot,LAYERFDUSD,2025-02-11,"12h,15m,1d,1h,1m,1s,2h,30m,3m,4h,5m,6h,8h"
spot,LAYERTRY,2025-02-11,"12h,15m,1d,1h,1m,1s,2h,30m,3m,4h,5m,6h,8h"
spot,LAYERUSDC,2025-02-11,"12h,15m,1d,1h,1m,1s,2h,30m,3m,4h,5m,6h,8h"
spot,LAYERUSDT,2025-02-11,"12h,15m,1d,1h,1m,1s,2h,30m,3m,4h,5m,6h,8h"
spot,LAZIOTRY,2021-10-21,"12h,15m,1d,1h,1m,1s,2h,30m,3m,4h,5m,6h,8h"
spot,LAZIOUSDT,2021-10-21,"12h,15m,1d,1h,1m,1s,2h,30m,3m,4h,5m,6h,8h"
spot,LDOBTC,2022-05-09,"12h,15m,1d,1h,1m,1s,2h,30m,3m,4h,5m,6h,8h"
spot,LDOFDUSD,2024-01-05,"12h,15m,1d,1h,1m,1s,2h,30m,3m,4h,5m,6h,8h"
spot,LDOTRY,2024-02-28,"12h,15m,1d,1h,1m,1s,2h,30m,3m,4h,5m,6h,8h"
spot,LDOUSDC,2024-05-29,"12h,15m,1d,1h,1m,1s,2h,30m,3m,4h,5m,6h,8h"
spot,LDOUSDT,2022-05-09,"12h,15m,1d,1h,1m,1s,2h,30m,3m,4h,5m,6h,8h"
spot,LEVERTRY,2023-10-12,"12h,15m,1d,1h,1m,1s,2h,30m,3m,4h,5m,6h,8h"
spot,LEVERUSDT,2022-07-13,"12h,15m,1d,1h,1m,1s,2h,30m,3m,4h,5m,6h,8h"
spot,LINKBNB,2021-12-24,"12h,15m,1d,1h,1m,1s,2h,30m,3m,4h,5m,6h,8h"
spot,LINKBRL,2020-12-11,"12h,15m,1d,1h,1m,1s,2h,30m,3m,4h,5m,6h,8h"
spot,LINKBTC,2017-09-28,"12h,15m,1d,1h,1m,1s,2h,30m,3m,4h,5m,6h,8h"
spot,LINKETH,2017-09-28,"12h,15m,1d,1h,1m,1s,2h,30m,3m,4h,5m,6h,8h"
spot,LINKEUR,2020-10-23,"12h,15m,1d,1h,1m,1s,2h,30m,3m,4h,5m,6h,8h"
spot,LINKFDUSD,2023-10-26,"12h,15m,1d,1h,1m,1s,2h,30m,3m,4h,5m,6h,8h"
spot,LINKJPY,2025-02-20,"12h,15m,1d,1h,1m,1s,2h,30m,3m,4h,5m,6h,8h"
spot,LINKTRY,2020-09-11,"12h,15m,1d,1h,1m,1s,2h,30m,3m,4h,5m,6h,8h"
spot,LINKUSDC,2019-01-16,"12h,15m,1d,1h,1m,1s,2h,30m,3m,4h,5m,6h,8h"
spot,LINKUSDT,2019-01-16,"12h,15m,1d,1h,1m,1s,2h,30m,3m,4h,5m,6h,8h"
spot,LISTABNB,2024-06-20,"12h,15m,1d,1h,1m,1s,2h,30m,3m,4h,5m,6h,8h"
spot,LISTAFDUSD,2024-06-20,"12h,15m,1d,1h,1m,1s,2h,30m,3m,4h,5m,6h,8h"
spot,LISTATRY,2024-06-20,"12h,15m,1d,1h,1m,1s,2h,30m,3m,4h,5m,6h,8h"
spot,LISTAUSDT,2024-06-20,"12h,15m,1d,1h,1m,1s,2h,30m,3m,4h,5m,6h,8h"
spot,LOKABTC,2022-01-20,"12h,15m,1d,1h,1m,1s,2h,30m,3m,4h,5m,6h,8h"
spot,LOKAUSDT,2022-01-20,"12h,15m,1d,1h,1m,1s,2h,30m,3m,4h,5m,6h,8h"
spot,LPTBNB,2021-05-28,"12h,15m,1d,1h,1m,1s,2h,30m,3m,4h,5m,6h,8h"
spot,LPTBTC,2021-05-28,"12h,15m,1d,1h,1m,1s,2h,30m,3m,4h,5m,6h,8h"
spot,LPTTRY,2023-08-23,"12h,15m,1d,1h,1m,1s,2h,30m,3m,4h,5m,6h,8h"
spot,LPTUSDT,2021-05-28,"12h,15m,1d,1h,1m,1s,2h,30m,3m,4h,5m,6h,8h"
spot,LQTYUSDT,2023-02-28,"12h,15m,1d,1h,1m,1s,2h,30m,3m,4h,5m,6h,8h"
spot,LRCBTC,2017-09-01,"12h,15m,1d,1h,1m,1s,2h,30m,3m,4h,5m,6h,8h"
spot,LRCETH,2017-09-01,"12h,15m,1d,1h,1m,1s,2h,30m,3m,4h,5m,6h,8h"
spot,LRCTRY,2021-11-19,"12h,15m,1d,1h,1m,1s,2h,30m,3m,4h,5m,6h,8h"
spot,LRCUSDT,2020-06-12,"12h,15m,1d,1h,1m,1s,2h,30m,3m,4h,5m,6h,8h"
spot,LSKBTC,2017-11-22,"12h,15m,1d,1h,1m,1s,2h,30m,3m,4h,5m,6h,8h"
spot,LSKUSDT,2020-02-06,"12h,15m,1d,1h,1m,1s,2h,30m,3m,4h,5m,6h,8h"
spot,LTCBNB,2017-12-13,"12h,15m,1d,1h,1m,1s,2h,30m,3m,4h,5m,6h,8h"
spot,LTCBRL,2021-01-25,"12h,15m,1d,1h,1m,1s,2h,30m,3m,4h,5m,6h,8h"
spot,LTCBTC,2017-07-14,"12h,15m,1d,1h,1m,1s,2h,30m,3m,4h,5m,6h,8h"
spot,LTCETH,2017-12-13,"12h,15m,1d,1h,1m,1s,2h,30m,3m,4h,5m,6h,8h"
spot,LTCEUR,2020-11-06,"12h,15m,1d,1h,1m,1s,2h,30m,3m,4h,5m,6h,8h"
spot,LTCFDUSD,2023-10-12,"12h,15m,1d,1h,1m,1s,2h,30m,3m,4h,5m,6h,8h"
spot,LTCJPY,2025-02-20,"12h,15m,1d,1h,1m,1s,2h,30m,3m,4h,5m,6h,8h"
spot,LTCTRY,2023-06-07,"12h,15m,1d,1h,1m,1s,2h,30m,3m,4h,5m,6h,8h"
spot,LTCUSDC,2019-01-24,"12h,15m,1d,1h,1m,1s,2h,30m,3m,4h,5m,6h,8h"
spot,LTCUSDT,2017-12-13,"12h,15m,1d,1h,1m,1s,2h,30m,3m,4h,5m,6h,8h"
spot,LTOBTC,2020-02-07,"12h,15m,1d,1h,1m,1s,2h,30m,3m,4h,5m,6h,8h"
spot,LTOUSDT,2020-02-07,"12h,15m,1d,1h,1m,1s,2h,30m,3m,4h,5m,6h,8h"
spot,LUMIATRY,2024-11-20,"12h,15m,1d,1h,1m,1s,2h,30m,3m,4h,5m,6h,8h"
spot,LUMIAUSDT,2024-10-18,"12h,15m,1d,1h,1m,1s,2h,30m,3m,4h,5m,6h,8h"
spot,LUNATRY,2021-12-10,"12h,15m,1d,1h,1m,1s,2h,30m,3m,4h,5m,6h,8h"
spot,LUNAUSDT,2020-08-21,"12h,15m,1d,1h,1m,1s,2h,30m,3m,4h,5m,6h,8h"
spot,LUNCTRY,2023-12-05,"12h,15m,1d,1h,1m,1s,2h,30m,3m,4h,5m,6h,8h"
spot,LUNCUSDT,2022-09-09,"12h,15m,1d,1h,1m,1s,2h,30m,3m,4h,5m,6h,8h"
spot,MAGICBTC,2022-12-12,"12h,15m,1d,1h,1m,1s,2h,30m,3m,4h,5m,6h,8h"
spot,MAGICTRY,2023-04-14,"12h,15m,1d,1h,1m,1s,2h,30m,3m,4h,5m,6h,8h"
spot,MAGICUSDT,2022-12-12,"12h,15m,1d,1h,1m,1s,2h,30m,3m,4h,5m,6h,8h"
spot,MANABTC,2017-11-24,"12h,15m,1d,1h,1m,1s,2h,30m,3m,4h,5m,6h,8h"
spot,MANAETH,2017-11-24,"12h,15m,1d,1h,1m,1s,2h,30m,3m,4h,5m,6h,8h"
spot,MANATRY,2021-11-05,"12h,15m,1d,1h,1m,1s,2h,30m,3m,4h,5m,6h,8h"
spot,MANAUSDT,2020-08-06,"12h,15m,1d,1h,1m,1s,2h,30m,3m,4h,5m,6h,8h"
spot,MANTABTC,2024-01-18,"12h,15m,1d,1h,1m,1s,2h,30m,3m,4h,5m,6h,8h"
spot,MANTAFDUSD,2024-01-18,"12h,15m,1d,1h,1m,1s,2h,30m,3m,4h,5m,6h,8h"
spot,MANTATRY,2024-01-18,"12h,15m,1d,1h,1m,1s,2h,30m,3m,4h,5m,6h,8h"
spot,MANTAUSDC,2024-01-24,"12h,15m,1d,1h,1m,1s,2h,30m,3m,4h,5m,6h,8h"
spot,MANTAUSDT,2024-01-18,"12h,15m,1d,1h,1m,1s,2h,30m,3m,4h,5m,6h,8h"
spot,MASKBNB,2021-05-25,"12h,15m,1d,1h,1m,1s,2h,30m,3m,4h,5m,6h,8h"
spot,MASKTRY,2024-04-03,"12h,15m,1d,1h,1m,1s,2h,30m,3m,4h,5m,6h,8h"
spot,MASKUSDT,2021-05-25,"12h,15m,1d,1h,1m,1s,2h,30m,3m,4h,5m,6h,8h"
spot,MAVBTC,2023-06-28,"12h,15m,1d,1h,1m,1s,2h,30m,3m,4h,5m,6h,8h"
spot,MAVTRY,2023-07-07,"12h,15m,1d,1h,1m,1s,2h,30m,3m,4h,5m,6h,8h"
spot,MAVUSDT,2023-06-28,"12h,15m,1d,1h,1m,1s,2h,30m,3m,4h,5m,6h,8h"
spot,MBLUSDT,2020-02-21,"12h,15m,1d,1h,1m,1s,2h,30m,3m,4h,5m,6h,8h"
spot,MBOXTRY,2022-03-04,"12h,15m,1d,1h,1m,1s,2h,30m,3m,4h,5m,6h,8h"
spot,MBOXUSDT,2021-08-19,"12h,15m,1d,1h,1m,1s,2h,30m,3m,4h,5m,6h,8h"
spot,MDTUSDT,2020-06-05,"12h,15m,1d,1h,1m,1s,2h,30m,3m,4h,5m,6h,8h"
spot,MEBTC,2024-12-10,"12h,15m,1d,1h,1m,1s,2h,30m,3m,4h,5m,6h,8h"
spot,MEFDUSD,2024-12-10,"12h,15m,1d,1h,1m,1s,2h,30m,3m,4h,5m,6h,8h"
spot,MEMEFDUSD,2023-11-03,"12h,15m,1d,1h,1m,1s,2h,30m,3m,4h,5m,6h,8h"
spot,MEMETRY,2023-11-03,"12h,15m,1d,1h,1m,1s,2h,30m,3m,4h,5m,6h,8h"
spot,MEMEUSDC,2024-11-28,"12h,15m,1d,1h,1m,1s,2h,30m,3m,4h,5m,6h,8h"
spot,MEMEUSDT,2023-11-03,"12h,15m,1d,1h,1m,1s,2h,30m,3m,4h,5m,6h,8h"
spot,METISTRY,2024-03-11,"12h,15m,1d,1h,1m,1s,2h,30m,3m,4h,5m,6h,8h"
spot,METISUSDT,2024-03-11,"12h,15m,1d,1h,1m,1s,2h,30m,3m,4h,5m,6h,8h"
spot,METRY,2024-12-10,"12h,15m,1d,1h,1m,1s,2h,30m,3m,4h,5m,6h,8h"
spot,MEUSDT,2024-12-10,"12h,15m,1d,1h,1m,1s,2h,30m,3m,4h,5m,6h,8h"
spot,MINABTC,2021-08-10,"12h,15m,1d,1h,1m,1s,2h,30m,3m,4h,5m,6h,8h"
spot,MINATRY,2021-12-17,"12h,15m,1d,1h,1m,1s,2h,30m,3m,4h,5m,6h,8h"
spot,MINAUSDT,2021-08-10,"12h,15m,1d,1h,1m,1s,2h,30m,3m,4h,5m,6h,8h"
spot,MKRBTC,2020-07-23,"12h,15m,1d,1h,1m,1s,2h,30m,3m,4h,5m,6h,8h"
spot,MKRTRY,2024-03-27,"12h,15m,1d,1h,1m,1s,2h,30m,3m,4h,5m,6h,8h"
spot,MKRUSDC,2025-03-18,"12h,15m,1d,1h,1m,1s,2h,30m,3m,4h,5m,6h,8h"
spot,MKRUSDT,2020-07-23,"12h,15m,1d,1h,1m,1s,2h,30m,3m,4h,5m,6h,8h"
spot,MLNUSDT,2021-07-05,"12h,15m,1d,1h,1m,1s,2h,30m,3m,4h,5m,6h,8h"
spot,MOVEBNB,2024-12-09,"12h,15m,1d,1h,1m,1s,2h,30m,3m,4h,5m,6h,8h"
spot,MOVEBTC,2024-12-09,"12h,15m,1d,1h,1m,1s,2h,30m,3m,4h,5m,6h,8h"
spot,MOVEFDUSD,2024-12-09,"12h,15m,1d,1h,1m,1s,2h,30m,3m,4h,5m,6h,8h"
spot,MOVETRY,2024-12-09,"12h,15m,1d,1h,1m,1s,2h,30m,3m,4h,5m,6h,8h"
spot,MOVEUSDC,2025-01-08,"12h,15m,1d,1h,1m,1s,2h,30m,3m,4h,5m,6h,8h"
spot,MOVEUSDT,2024-12-09,"12h,15m,1d,1h,1m,1s,2h,30m,3m,4h,5m,6h,8h"
spot,MOVRBTC,2021-11-08,"12h,15m,1d,1h,1m,1s,2h,30m,3m,4h,5m,6h,8h"
spot,MOVRTRY,2024-01-05,"12h,15m,1d,1h,1m,1s,2h,30m,3m,4h,5m,6h,8h"
spot,MOVRUSDT,2021-11-08,"12h,15m,1d,1h,1m,1s,2h,30m,3m,4h,5m,6h,8h"
spot,MTLBTC,2017-10-09,"12h,15m,1d,1h,1m,1s,2h,30m,3m,4h,5m,6h,8h"
spot,MTLUSDT,2019-08-23,"12h,15m,1d,1h,1m,1s,2h,30m,3m,4h,5m,6h,8h"
spot,MUBARAKUSDC,2025-03-27,"12h,15m,1d,1h,1m,1s,2h,30m,3m,4h,5m,6h,8h"
spot,MUBARAKUSDT,2025-03-27,"12h,15m,1d,1h,1m,1s,2h,30m,3m,4h,5m,6h,8h"
spot,NEARBNB,2020-10-14,"12h,15m,1d,1h,1m,1s,2h,30m,3m,4h,5m,6h,8h"
spot,NEARBRL,2024-05-30,"12h,15m,1d,1h,1m,1s,2h,30m,3m,4h,5m,6h,8h"
spot,NEARBTC,2020-10-14,"12h,15m,1d,1h,1m,1s,2h,30m,3m,4h,5m,6h,8h"
spot,NEARETH,2022-01-05,"12h,15m,1d,1h,1m,1s,2h,30m,3m,4h,5m,6h,8h"
spot,NEAREUR,2022-03-18,"12h,15m,1d,1h,1m,1s,2h,30m,3m,4h,5m,6h,8h"
spot,NEARFDUSD,2023-10-26,"12h,15m,1d,1h,1m,1s,2h,30m,3m,4h,5m,6h,8h"
spot,NEARJPY,2024-08-22,"12h,15m,1d,1h,1m,1s,2h,30m,3m,4h,5m,6h,8h"
spot,NEARTRY,2022-02-18,"12h,15m,1d,1h,1m,1s,2h,30m,3m,4h,5m,6h,8h"
spot,NEARUSDC,2024-03-13,"12h,15m,1d,1h,1m,1s,2h,30m,3m,4h,5m,6h,8h"
spot,NEARUSDT,2020-10-14,"12h,15m,1d,1h,1m,1s,2h,30m,3m,4h,5m,6h,8h"
spot,NEIROFDUSD,2024-09-25,"12h,15m,1d,1h,1m,1s,2h,30m,3m,4h,5m,6h,8h"
spot,NEIROTRY,2024-09-25,"12h,15m,1d,1h,1m,1s,2h,30m,3m,4h,5m,6h,8h"
spot,NEIROUSDC,2024-11-15,"12h,15m,1d,1h,1m,1s,2h,30m,3m,4h,5m,6h,8h"
spot,NEIROUSDT,2024-09-16,"12h,15m,1d,1h,1m,1s,2h,30m,3m,4h,5m,6h,8h"
spot,NEOBTC,2017-07-14,"12h,15m,1d,1h,1m,1s,2h,30m,3m,4h,5m,6h,8h"
spot,NEOTRY,2021-03-19,"12h,15m,1d,1h,1m,1s,2h,30m,3m,4h,5m,6h,8h"
spot,NEOUSDC,2019-03-27,"12h,15m,1d,1h,1m,1s,2h,30m,3m,4h,5m,6h,8h"
spot,NEOUSDT,2017-11-20,"12h,15m,1d,1h,1m,1s,2h,30m,3m,4h,5m,6h,8h"
spot,NEXOBTC,2022-04-29,"12h,15m,1d,1h,1m,1s,2h,30m,3m,4h,5m,6h,8h"
spot,NEXOUSDT,2022-04-29,"12h,15m,1d,1h,1m,1s,2h,30m,3m,4h,5m,6h,8h"
spot,NFPBTC,2023-12-27,"12h,15m,1d,1h,1m,1s,2h,30m,3m,4h,5m,6h,8h"
spot,NFPFDUSD,2023-12-27,"12h,15m,1d,1h,1m,1s,2h,30m,3m,4h,5m,6h,8h"
spot,NFPTRY,2023-12-27,"12h,15m,1d,1h,1m,1s,2h,30m,3m,4h,5m,6h,8h"
spot,NFPUSDT,2023-12-27,"12h,15m,1d,1h,1m,1s,2h,30m,3m,4h,5m,6h,8h"
spot,NILBNB,2025-03-24,"12h,15m,1d,1h,1m,1s,2h,30m,3m,4h,5m,6h,8h"
spot,NILFDUSD,2025-03-24,"12h,15m,1d,1h,1m,1s,2h,30m,3m,4h,5m,6h,8h"
spot,NILTRY,2025-03-24,"12h,15m,1d,1h,1m,1s,2h,30m,3m,4h,5m,6h,8h"
spot,NILUSDC,2025-03-24,"12h,15m,1d,1h,1m,1s,2h,30m,3m,4h,5m,6h,8h"
spot,NILUSDT,2025-03-24,"12h,15m,1d,1h,1m,1s,2h,30m,3m,4h,5m,6h,8h"
spot,NKNBTC,2019-10-11,"12h,15m,1d,1h,1m,1s,2h,30m,3m,4h,5m,6h,8h"
spot,NKNUSDT,2019-10-11,"12h,15m,1d,1h,1m,1s,2h,30m,3m,4h,5m,6h,8h"
spot,NMRBTC,2020-08-17,"12h,15m,1d,1h,1m,1s,2h,30m,3m,4h,5m,6h,8h"
spot,NMRUSDT,2020-08-19,"12h,15m,1d,1h,1m,1s,2h,30m,3m,4h,5m,6h,8h"
spot,NOTFDUSD,2024-05-16,"12h,15m,1d,1h,1m,1s,2h,30m,3m,4h,5m,6h,8h"
spot,NOTTRY,2024-05-16,"12h,15m,1d,1h,1m,1s,2h,30m,3m,4h,5m,6h,8h"
spot,NOTUSDC,2024-05-30,"12h,15m,1d,1h,1m,1s,2h,30m,3m,4h,5m,6h,8h"
spot,NOTUSDT,2024-05-16,"12h,15m,1d,1h,1m,1s,2h,30m,3m,4h,5m,6h,8h"
spot,NTRNBNB,2023-10-10,"12h,15m,1d,1h,1m,1s,2h,30m,3m,4h,5m,6h,8h"
spot,NTRNTRY,2023-11-23,"12h,15m,1d,1h,1m,1s,2h,30m,3m,4h,5m,6h,8h"
spot,NTRNUSDT,2023-10-10,"12h,15m,1d,1h,1m,1s,2h,30m,3m,4h,5m,6h,8h"
spot,NULSBTC,2017-11-09,"12h,15m,1d,1h,1m,1s,2h,30m,3m,4h,5m,6h,8h"
spot,NULSUSDT,2018-07-23,"12h,15m,1d,1h,1m,1s,2h,30m,3m,4h,5m,6h,8h"
spot,OGBTC,2020-12-30,"12h,15m,1d,1h,1m,1s,2h,30m,3m,4h,5m,6h,8h"
spot,OGNBTC,2020-01-09,"12h,15m,1d,1h,1m,1s,2h,30m,3m,4h,5m,6h,8h"
spot,OGNTRY,2023-08-02,"12h,15m,1d,1h,1m,1s,2h,30m,3m,4h,5m,6h,8h"
spot,OGNUSDT,2020-01-09,"12h,15m,1d,1h,1m,1s,2h,30m,3m,4h,5m,6h,8h"
spot,OGTRY,2023-05-10,"12h,15m,1d,1h,1m,1s,2h,30m,3m,4h,5m,6h,8h"
spot,OGUSDT,2020-12-30,"12h,15m,1d,1h,1m,1s,2h,30m,3m,4h,5m,6h,8h"
spot,OMBTC,2021-03-08,"12h,15m,1d,1h,1m,1s,2h,30m,3m,4h,5m,6h,8h"
spot,OMNIBTC,2024-04-17,"12h,15m,1d,1h,1m,1s,2h,30m,3m,4h,5m,6h,8h"
spot,OMNIFDUSD,2024-04-17,"12h,15m,1d,1h,1m,1s,2h,30m,3m,4h,5m,6h,8h"
spot,OMNITRY,2024-04-17,"12h,15m,1d,1h,1m,1s,2h,30m,3m,4h,5m,6h,8h"
spot,OMNIUSDC,2024-04-24,"12h,15m,1d,1h,1m,1s,2h,30m,3m,4h,5m,6h,8h"
spot,OMNIUSDT,2024-04-17,"12h,15m,1d,1h,1m,1s,2h,30m,3m,4h,5m,6h,8h"
spot,OMTRY,2024-03-05,"12h,15m,1d,1h,1m,1s,2h,30m,3m,4h,5m,6h,8h"
spot,OMUSDC,2024-11-22,"12h,15m,1d,1h,1m,1s,2h,30m,3m,4h,5m,6h,8h"
spot,OMUSDT,2021-03-08,"12h,15m,1d,1h,1m,1s,2h,30m,3m,4h,5m,6h,8h"
spot,ONEBTC,2019-06-01,"12h,15m,1d,1h,1m,1s,2h,30m,3m,4h,5m,6h,8h"
spot,ONETRY,2022-01-28,"12h,15m,1d,1h,1m,1s,2h,30m,3m,4h,5m,6h,8h"
spot,ONEUSDT,2019-06-01,"12h,15m,1d,1h,1m,1s,2h,30m,3m,4h,5m,6h,8h"
spot,ONGBTC,2019-02-16,"12h,15m,1d,1h,1m,1s,2h,30m,3m,4h,5m,6h,8h"
spot,ONGUSDT,2019-02-16,"12h,15m,1d,1h,1m,1s,2h,30m,3m,4h,5m,6h,8h"
spot,ONTBTC,2018-03-08,"12h,15m,1d,1h,1m,1s,2h,30m,3m,4h,5m,6h,8h"
spot,ONTTRY,2021-04-16,"12h,15m,1d,1h,1m,1s,2h,30m,3m,4h,5m,6h,8h"
spot,ONTUSDC,2019-07-27,"12h,15m,1d,1h,1m,1s,2h,30m,3m,4h,5m,6h,8h"
spot,ONTUSDT,2018-06-08,"12h,15m,1d,1h,1m,1s,2h,30m,3m,4h,5m,6h,8h"
spot,OPBTC,2022-06-01,"12h,15m,1d,1h,1m,1s,2h,30m,3m,4h,5m,6h,8h"
spot,OPETH,2022-08-05,"12h,15m,1d,1h,1m,1s,2h,30m,3m,4h,5m,6h,8h"
spot,OPEUR,2022-06-17,"12h,15m,1d,1h,1m,1s,2h,30m,3m,4h,5m,6h,8h"
spot,OPFDUSD,2023-11-09,"12h,15m,1d,1h,1m,1s,2h,30m,3m,4h,5m,6h,8h"
spot,OPTRY,2023-06-21,"12h,15m,1d,1h,1m,1s,2h,30m,3m,4h,5m,6h,8h"
spot,OPUSDC,2023-12-28,"12h,15m,1d,1h,1m,1s,2h,30m,3m,4h,5m,6h,8h"
spot,OPUSDT,2022-06-01,"12h,15m,1d,1h,1m,1s,2h,30m,3m,4h,5m,6h,8h"
spot,ORCAFDUSD,2024-12-11,"12h,15m,1d,1h,1m,1s,2h,30m,3m,4h,5m,6h,8h"
spot,ORCATRY,2024-12-11,"12h,15m,1d,1h,1m,1s,2h,30m,3m,4h,5m,6h,8h"
spot,ORCAUSDC,2024-12-11,"12h,15m,1d,1h,1m,1s,2h,30m,3m,4h,5m,6h,8h"
spot,ORCAUSDT,2024-12-06,"12h,15m,1d,1h,1m,1s,2h,30m,3m,4h,5m,6h,8h"
spot,ORDIBTC,2023-11-07,"12h,15m,1d,1h,1m,1s,2h,30m,3m,4h,5m,6h,8h"
spot,ORDIFDUSD,2023-11-09,"12h,15m,1d,1h,1m,1s,2h,30m,3m,4h,5m,6h,8h"
spot,ORDITRY,2023-11-07,"12h,15m,1d,1h,1m,1s,2h,30m,3m,4h,5m,6h,8h"
spot,ORDIUSDC,2023-12-28,"12h,15m,1d,1h,1m,1s,2h,30m,3m,4h,5m,6h,8h"
spot,ORDIUSDT,2023-11-07,"12h,15m,1d,1h,1m,1s,2h,30m,3m,4h,5m,6h,8h"
spot,OSMOUSDC,2025-03-11,"12h,15m,1d,1h,1m,1s,2h,30m,3m,4h,5m,6h,8h"
spot,OSMOUSDT,2022-10-28,"12h,15m,1d,1h,1m,1s,2h,30m,3m,4h,5m,6h,8h"
spot,OXTBTC,2020-09-21,"12h,15m,1d,1h,1m,1s,2h,30m,3m,4h,5m,6h,8h"
spot,OXTUSDT,2020-09-21,"12h,15m,1d,1h,1m,1s,2h,30m,3m,4h,5m,6h,8h"
spot,PARTIBNB,2025-03-25,"12h,15m,1d,1h,1m,1s,2h,30m,3m,4h,5m,6h,8h"
spot,PARTIFDUSD,2025-03-25,"12h,15m,1d,1h,1m,1s,2h,30m,3m,4h,5m,6h,8h"
spot,PARTITRY,2025-03-25,"12h,15m,1d,1h,1m,1s,2h,30m,3m,4h,5m,6h,8h"
spot,PARTIUSDC,2025-03-25,"12h,15m,1d,1h,1m,1s,2h,30m,3m,4h,5m,6h,8h"
spot,PARTIUSDT,2025-03-25,"12h,15m,1d,1h,1m,1s,2h,30m,3m,4h,5m,6h,8h"
spot,PAXGBTC,2020-08-26,"12h,15m,1d,1h,1m,1s,2h,30m,3m,4h,5m,6h,8h"
spot,PAXGTRY,2023-06-21,"12h,15m,1d,1h,1m,1s,2h,30m,3m,4h,5m,6h,8h"
spot,PAXGUSDT,2020-08-28,"12h,15m,1d,1h,1m,1s,2h,30m,3m,4h,5m,6h,8h"
spot,PDAUSDT,2024-03-01,"12h,15m,1d,1h,1m,1s,2h,30m,3m,4h,5m,6h,8h"
spot,PENDLEBTC,2023-07-03,"12h,15m,1d,1h,1m,1s,2h,30m,3m,4h,5m,6h,8h"
spot,PENDLEFDUSD,2024-02-07,"12h,15m,1d,1h,1m,1s,2h,30m,3m,4h,5m,6h,8h"
spot,PENDLETRY,2024-02-23,"12h,15m,1d,1h,1m,1s,2h,30m,3m,4h,5m,6h,8h"
spot,PENDLEUSDC,2024-04-03,"12h,15m,1d,1h,1m,1s,2h,30m,3m,4h,5m,6h,8h"
spot,PENDLEUSDT,2023-07-03,"12h,15m,1d,1h,1m,1s,2h,30m,3m,4h,5m,6h,8h"
spot,PENGUBNB,2024-12-17,"12h,15m,1d,1h,1m,1s,2h,30m,3m,4h,5m,6h,8h"
spot,PENGUFDUSD,2024-12-17,"12h,15m,1d,1h,1m,1s,2h,30m,3m,4h,5m,6h,8h"
spot,PENGUTRY,2024-12-17,"12h,15m,1d,1h,1m,1s,2h,30m,3m,4h,5m,6h,8h"
spot,PENGUUSDC,2024-12-19,"12h,15m,1d,1h,1m,1s,2h,30m,3m,4h,5m,6h,8h"
spot,PENGUUSDT,2024-12-17,"12h,15m,1d,1h,1m,1s,2h,30m,3m,4h,5m,6h,8h"
spot,PEOPLEBTC,2021-12-23,"12h,15m,1d,1h,1m,1s,2h,30m,3m,4h,5m,6h,8h"
spot,PEOPLEFDUSD,2024-06-05,"12h,15m,1d,1h,1m,1s,2h,30m,3m,4h,5m,6h,8h"
spot,PEOPLETRY,2024-05-15,"12h,15m,1d,1h,1m,1s,2h,30m,3m,4h,5m,6h,8h"
spot,PEOPLEUSDC,2024-05-17,"12h,15m,1d,1h,1m,1s,2h,30m,3m,4h,5m,6h,8h"
spot,PEOPLEUSDT,2021-12-23,"12h,15m,1d,1h,1m,1s,2h,30m,3m,4h,5m,6h,8h"
spot,PEPEBRL,2024-04-24,"12h,15m,1d,1h,1m,1s,2h,30m,3m,4h,5m,6h,8h"
spot,PEPEEUR,2024-05-23,"12h,15m,1d,1h,1m,1s,2h,30m,3m,4h,5m,6h,8h"
spot,PEPEFDUSD,2024-03-05,"12h,15m,1d,1h,1m,1s,2h,30m,3m,4h,5m,6h,8h"
spot,PEPEJPY,2025-01-09,"12h,15m,1d,1h,1m,1s,2h,30m,3m,4h,5m,6h,8h"
spot,PEPETRY,2023-05-10,"12h,15m,1d,1h,1m,1s,2h,30m,3m,4h,5m,6h,8h"
spot,PEPEUSDC,2024-03-07,"12h,15m,1d,1h,1m,1s,2h,30m,3m,4h,5m,6h,8h"
spot,PEPEUSDT,2023-05-05,"12h,15m,1d,1h,1m,1s,2h,30m,3m,4h,5m,6h,8h"
spot,PERPUSDT,2021-03-19,"12h,15m,1d,1h,1m,1s,2h,30m,3m,4h,5m,6h,8h"
spot,PHABTC,2021-02-25,"12h,15m,1d,1h,1m,1s,2h,30m,3m,4h,5m,6h,8h"
spot,PHATRY,2025-01-08,"12h,15m,1d,1h,1m,1s,2h,30m,3m,4h,5m,6h,8h"
spot,PHAUSDC,2025-01-10,"12h,15m,1d,1h,1m,1s,2h,30m,3m,4h,5m,6h,8h"
spot,PHAUSDT,2021-06-25,"12h,15m,1d,1h,1m,1s,2h,30m,3m,4h,5m,6h,8h"
spot,PHBBTC,2019-05-24,"12h,15m,1d,1h,1m,1s,2h,30m,3m,4h,5m,6h,8h"
spot,PHBTRY,2024-05-08,"12h,15m,1d,1h,1m,1s,2h,30m,3m,4h,5m,6h,8h"
spot,PHBUSDT,2022-11-18,"12h,15m,1d,1h,1m,1s,2h,30m,3m,4h,5m,6h,8h"
spot,PIVXBTC,2018-01-23,"12h,15m,1d,1h,1m,1s,2h,30m,3m,4h,5m,6h,8h"
spot,PIVXUSDT,2023-11-16,"12h,15m,1d,1h,1m,1s,2h,30m,3m,4h,5m,6h,8h"
spot,PIXELTRY,2024-02-19,"12h,15m,1d,1h,1m,1s,2h,30m,3m,4h,5m,6h,8h"
spot,PIXELUSDC,2024-03-05,"12h,15m,1d,1h,1m,1s,2h,30m,3m,4h,5m,6h,8h"
spot,PIXELUSDT,2024-02-19,"12h,15m,1d,1h,1m,1s,2h,30m,3m,4h,5m,6h,8h"
spot,PNUTBRL,2024-11-20,"12h,15m,1d,1h,1m,1s,2h,30m,3m,4h,5m,6h,8h"
spot,PNUTBTC,2024-11-15,"12h,15m,1d,1h,1m,1s,2h,30m,3m,4h,5m,6h,8h"
spot,PNUTEUR,2024-11-20,"12h,15m,1d,1h,1m,1s,2h,30m,3m,4h,5m,6h,8h"
spot,PNUTFDUSD,2024-11-15,"12h,15m,1d,1h,1m,1s,2h,30m,3m,4h,5m,6h,8h"
spot,PNUTTRY,2024-11-13,"12h,15m,1d,1h,1m,1s,2h,30m,3m,4h,5m,6h,8h"
spot,PNUTUSDC,2024-11-15,"12h,15m,1d,1h,1m,1s,2h,30m,3m,4h,5m,6h,8h"
spot,PNUTUSDT,2024-11-11,"12h,15m,1d,1h,1m,1s,2h,30m,3m,4h,5m,6h,8h"
spot,POLBNB,2024-09-13,"12h,15m,1d,1h,1m,1s,2h,30m,3m,4h,5m,6h,8h"
spot,POLBRL,2024-09-13,"12h,15m,1d,1h,1m,1s,2h,30m,3m,4h,5m,6h,8h"
spot,POLBTC,2024-09-13,"12h,15m,1d,1h,1m,1s,2h,30m,3m,4h,5m,6h,8h"
spot,POLETH,2024-09-13,"12h,15m,1d,1h,1m,1s,2h,30m,3m,4h,5m,6h,8h"
spot,POLEUR,2024-09-13,"12h,15m,1d,1h,1m,1s,2h,30m,3m,4h,5m,6h,8h"
spot,POLFDUSD,2024-09-13,"12h,15m,1d,1h,1m,1s,2h,30m,3m,4h,5m,6h,8h"
spot,POLJPY,2024-09-13,"12h,15m,1d,1h,1m,1s,2h,30m,3m,4h,5m,6h,8h"
spot,POLTRY,2024-09-13,"12h,15m,1d,1h,1m,1s,2h,30m,3m,4h,5m,6h,8h"
spot,POLUSDC,2024-09-13,"12h,15m,1d,1h,1m,1s,2h,30m,3m,4h,5m,6h,8h"
spot,POLUSDT,2024-09-13,"12h,15m,1d,1h,1m,1s,2h,30m,3m,4h,5m,6h,8h"
spot,POLYXBTC,2022-10-17,"12h,15m,1d,1h,1m,1s,2h,30m,3m,4h,5m,6h,8h"
spot,POLYXTRY,2024-04-17,"12h,15m,1d,1h,1m,1s,2h,30m,3m,4h,5m,6h,8h"
spot,POLYXUSDT,2022-10-17,"12h,15m,1d,1h,1m,1s,2h,30m,3m,4h,5m,6h,8h"
spot,PONDBTC,2021-03-09,"12h,15m,1d,1h,1m,1s,2h,30m,3m,4h,5m,6h,8h"
spot,PONDUSDT,2021-03-09,"12h,15m,1d,1h,1m,1s,2h,30m,3m,4h,5m,6h,8h"
spot,PORTALBNB,2024-02-29,"12h,15m,1d,1h,1m,1s,2h,30m,3m,4h,5m,6h,8h"
spot,PORTALBTC,2024-02-29,"12h,15m,1d,1h,1m,1s,2h,30m,3m,4h,5m,6h,8h"
spot,PORTALFDUSD,2024-02-29,"12h,15m,1d,1h,1m,1s,2h,30m,3m,4h,5m,6h,8h"
spot,PORTALTRY,2024-02-29,"12h,15m,1d,1h,1m,1s,2h,30m,3m,4h,5m,6h,8h"
spot,PORTALUSDT,2024-02-29,"12h,15m,1d,1h,1m,1s,2h,30m,3m,4h,5m,6h,8h"
spot,PORTOTRY,2021-11-16,"12h,15m,1d,1h,1m,1s,2h,30m,3m,4h,5m,6h,8h"
spot,PORTOUSDT,2021-11-16,"12h,15m,1d,1h,1m,1s,2h,30m,3m,4h,5m,6h,8h"
spot,POWRBTC,2017-11-01,"12h,15m,1d,1h,1m,1s,2h,30m,3m,4h,5m,6h,8h"
spot,POWRETH,2017-11-01,"12h,15m,1d,1h,1m,1s,2h,30m,3m,4h,5m,6h,8h"
spot,POWRUSDT,2021-11-17,"12h,15m,1d,1h,1m,1s,2h,30m,3m,4h,5m,6h,8h"
spot,PROMUSDT,2023-03-17,"12h,15m,1d,1h,1m,1s,2h,30m,3m,4h,5m,6h,8h"
spot,PROSUSDT,2023-01-27,"12h,15m,1d,1h,1m,1s,2h,30m,3m,4h,5m,6h,8h"
spot,PSGTRY,2023-08-10,"12h,15m,1d,1h,1m,1s,2h,30m,3m,4h,5m,6h,8h"
spot,PSGUSDT,2020-12-21,"12h,15m,1d,1h,1m,1s,2h,30m,3m,4h,5m,6h,8h"
spot,PUNDIXUSDT,2021-04-09,"12h,15m,1d,1h,1m,1s,2h,30m,3m,4h,5m,6h,8h"
spot,PYRBTC,2021-11-26,"12h,15m,1d,1h,1m,1s,2h,30m,3m,4h,5m,6h,8h"
spot,PYRUSDT,2021-11-26,"12h,15m,1d,1h,1m,1s,2h,30m,3m,4h,5m,6h,8h"
spot,PYTHBTC,2024-02-02,"12h,15m,1d,1h,1m,1s,2h,30m,3m,4h,5m,6h,8h"
spot,PYTHFDUSD,2024-02-02,"12h,15m,1d,1h,1m,1s,2h,30m,3m,4h,5m,6h,8h"
spot,PYTHTRY,2024-02-02,"12h,15m,1d,1h,1m,1s,2h,30m,3m,4h,5m,6h,8h"
spot,PYTHUSDC,2024-12-06,"12h,15m,1d,1h,1m,1s,2h,30m,3m,4h,5m,6h,8h"
spot,PYTHUSDT,2024-02-02,"12h,15m,1d,1h,1m,1s,2h,30m,3m,4h,5m,6h,8h"
spot,QIUSDT,2021-11-15,"12h,15m,1d,1h,1m,1s,2h,30m,3m,4h,5m,6h,8h"
spot,QKCUSDT,2023-03-17,"12h,15m,1d,1h,1m,1s,2h,30m,3m,4h,5m,6h,8h"
spot,QNTBTC,2021-07-29,"12h,15m,1d,1h,1m,1s,2h,30m,3m,4h,5m,6h,8h"
spot,QNTUSDC,2025-04-03,"12h,15m,1d,1h,1m,1s,2h,30m,3m,4h,5m,6h,8h"
spot,QNTUSDT,2021-07-29,"12h,15m,1d,1h,1m,1s,2h,30m,3m,4h,5m,6h,8h"
spot,QTUMBTC,2017-09-04,"12h,15m,1d,1h,1m,1s,2h,30m,3m,4h,5m,6h,8h"
spot,QTUMETH,2017-07-27,"12h,15m,1d,1h,1m,1s,2h,30m,3m,4h,5m,6h,8h"
spot,QTUMTRY,2025-02-12,"12h,15m,1d,1h,1m,1s,2h,30m,3m,4h,5m,6h,8h"
spot,QTUMUSDT,2018-03-19,"12h,15m,1d,1h,1m,1s,2h,30m,3m,4h,5m,6h,8h"
spot,QUICKUSDT,2021-08-13,"12h,15m,1d,1h,1m,1s,2h,30m,3m,4h,5m,6h,8h"
spot,RADTRY,2023-06-07,"12h,15m,1d,1h,1m,1s,2h,30m,3m,4h,5m,6h,8h"
spot,RADUSDT,2021-10-07,"12h,15m,1d,1h,1m,1s,2h,30m,3m,4h,5m,6h,8h"
spot,RAREBTC,2021-10-11,"12h,15m,1d,1h,1m,1s,2h,30m,3m,4h,5m,6h,8h"
spot,RARETRY,2023-12-21,"12h,15m,1d,1h,1m,1s,2h,30m,3m,4h,5m,6h,8h"
spot,RAREUSDC,2024-08-28,"12h,15m,1d,1h,1m,1s,2h,30m,3m,4h,5m,6h,8h"
spot,RAREUSDT,2021-10-11,"12h,15m,1d,1h,1m,1s,2h,30m,3m,4h,5m,6h,8h"
spot,RAYBNB,2021-08-10,"12h,15m,1d,1h,1m,1s,2h,30m,3m,4h,5m,6h,8h"
spot,RAYFDUSD,2024-03-21,"12h,15m,1d,1h,1m,1s,2h,30m,3m,4h,5m,6h,8h"
spot,RAYTRY,2024-03-27,"12h,15m,1d,1h,1m,1s,2h,30m,3m,4h,5m,6h,8h"
spot,RAYUSDC,2024-11-22,"12h,15m,1d,1h,1m,1s,2h,30m,3m,4h,5m,6h,8h"
spot,RAYUSDT,2021-08-10,"12h,15m,1d,1h,1m,1s,2h,30m,3m,4h,5m,6h,8h"
spot,RDNTTRY,2024-04-03,"12h,15m,1d,1h,1m,1s,2h,30m,3m,4h,5m,6h,8h"
spot,RDNTUSDT,2023-03-30,"12h,15m,1d,1h,1m,1s,2h,30m,3m,4h,5m,6h,8h"
spot,REDBTC,2025-03-06,"12h,15m,1d,1h,1m,1s,2h,30m,3m,4h,5m,6h,8h"
spot,REDFDUSD,2025-03-06,"12h,15m,1d,1h,1m,1s,2h,30m,3m,4h,5m,6h,8h"
spot,REDTRY,2025-03-06,"12h,15m,1d,1h,1m,1s,2h,30m,3m,4h,5m,6h,8h"
spot,REDUSDC,2025-03-06,"12h,15m,1d,1h,1m,1s,2h,30m,3m,4h,5m,6h,8h"
spot,REDUSDT,2025-02-28,"12h,15m,1d,1h,1m,1s,2h,30m,3m,4h,5m,6h,8h"
spot,REIUSDT,2022-05-04,"12h,15m,1d,1h,1m,1s,2h,30m,3m,4h,5m,6h,8h"
spot,RENDERBRL,2024-07-26,"12h,15m,1d,1h,1m,1s,2h,30m,3m,4h,5m,6h,8h"
spot,RENDERBTC,2024-07-26,"12h,15m,1d,1h,1m,1s,2h,30m,3m,4h,5m,6h,8h"
spot,RENDEREUR,2024-07-26,"12h,15m,1d,1h,1m,1s,2h,30m,3m,4h,5m,6h,8h"
spot,RENDERFDUSD,2024-07-26,"12h,15m,1d,1h,1m,1s,2h,30m,3m,4h,5m,6h,8h"
spot,RENDERTRY,2024-07-26,"12h,15m,1d,1h,1m,1s,2h,30m,3m,4h,5m,6h,8h"
spot,RENDERUSDC,2024-07-26,"12h,15m,1d,1h,1m,1s,2h,30m,3m,4h,5m,6h,8h"
spot,RENDERUSDT,2024-07-26,"12h,15m,1d,1h,1m,1s,2h,30m,3m,4h,5m,6h,8h"
spot,REQBTC,2017-10-27,"12h,15m,1d,1h,1m,1s,2h,30m,3m,4h,5m,6h,8h"
spot,REQUSDT,2021-08-20,"12h,15m,1d,1h,1m,1s,2h,30m,3m,4h,5m,6h,8h"
spot,REZTRY,2024-04-30,"12h,15m,1d,1h,1m,1s,2h,30m,3m,4h,5m,6h,8h"
spot,REZUSDC,2024-05-23,"12h,15m,1d,1h,1m,1s,2h,30m,3m,4h,5m,6h,8h"
spot,REZUSDT,2024-04-30,"12h,15m,1d,1h,1m,1s,2h,30m,3m,4h,5m,6h,8h"
spot,RIFBTC,2021-01-07,"12h,15m,1d,1h,1m,1s,2h,30m,3m,4h,5m,6h,8h"
spot,RIFUSDT,2021-01-07,"12h,15m,1d,1h,1m,1s,2h,30m,3m,4h,5m,6h,8h"
spot,RLCBTC,2018-01-12,"12h,15m,1d,1h,1m,1s,2h,30m,3m,4h,5m,6h,8h"
spot,RLCETH,2018-01-12,"12h,15m,1d,1h,1m,1s,2h,30m,3m,4h,5m,6h,8h"
spot,RLCUSDT,2019-11-14,"12h,15m,1d,1h,1m,1s,2h,30m,3m,4h,5m,6h,8h"
spot,RONINBTC,2024-02-05,"12h,15m,1d,1h,1m,1s,2h,30m,3m,4h,5m,6h,8h"
spot,RONINFDUSD,2024-02-05,"12h,15m,1d,1h,1m,1s,2h,30m,3m,4h,5m,6h,8h"
spot,RONINTRY,2024-02-05,"12h,15m,1d,1h,1m,1s,2h,30m,3m,4h,5m,6h,8h"
spot,RONINUSDT,2024-02-05,"12h,15m,1d,1h,1m,1s,2h,30m,3m,4h,5m,6h,8h"
spot,ROSEBTC,2020-11-19,"12h,15m,1d,1h,1m,1s,2h,30m,3m,4h,5m,6h,8h"
spot,ROSETRY,2022-01-21,"12h,15m,1d,1h,1m,1s,2h,30m,3m,4h,5m,6h,8h"
spot,ROSEUSDT,2020-11-19,"12h,15m,1d,1h,1m,1s,2h,30m,3m,4h,5m,6h,8h"
spot,RPLUSDC,2025-03-18,"12h,15m,1d,1h,1m,1s,2h,30m,3m,4h,5m,6h,8h"
spot,RPLUSDT,2023-01-18,"12h,15m,1d,1h,1m,1s,2h,30m,3m,4h,5m,6h,8h"
spot,RSRTRY,2024-05-08,"12h,15m,1d,1h,1m,1s,2h,30m,3m,4h,5m,6h,8h"
spot,RSRUSDC,2024-12-06,"12h,15m,1d,1h,1m,1s,2h,30m,3m,4h,5m,6h,8h"
spot,RSRUSDT,2020-08-27,"12h,15m,1d,1h,1m,1s,2h,30m,3m,4h,5m,6h,8h"
spot,RUNEBNB,2020-07-24,"12h,15m,1d,1h,1m,1s,2h,30m,3m,4h,5m,6h,8h"
spot,RUNEBTC,2020-07-24,"12h,15m,1d,1h,1m,1s,2h,30m,3m,4h,5m,6h,8h"
spot,RUNEETH,2022-04-01,"12h,15m,1d,1h,1m,1s,2h,30m,3m,4h,5m,6h,8h"
spot,RUNEFDUSD,2023-11-16,"12h,15m,1d,1h,1m,1s,2h,30m,3m,4h,5m,6h,8h"
spot,RUNEUSDC,2024-04-17,"12h,15m,1d,1h,1m,1s,2h,30m,3m,4h,5m,6h,8h"
spot,RUNEUSDT,2020-09-04,"12h,15m,1d,1h,1m,1s,2h,30m,3m,4h,5m,6h,8h"
spot,RVNBTC,2018-10-12,"12h,15m,1d,1h,1m,1s,2h,30m,3m,4h,5m,6h,8h"
spot,RVNTRY,2021-04-02,"12h,15m,1d,1h,1m,1s,2h,30m,3m,4h,5m,6h,8h"
spot,RVNUSDT,2019-09-25,"12h,15m,1d,1h,1m,1s,2h,30m,3m,4h,5m,6h,8h"
spot,SAGABNB,2024-04-09,"12h,15m,1d,1h,1m,1s,2h,30m,3m,4h,5m,6h,8h"
spot,SAGABTC,2024-04-09,"12h,15m,1d,1h,1m,1s,2h,30m,3m,4h,5m,6h,8h"
spot,SAGAFDUSD,2024-04-09,"12h,15m,1d,1h,1m,1s,2h,30m,3m,4h,5m,6h,8h"
spot,SAGATRY,2024-04-09,"12h,15m,1d,1h,1m,1s,2h,30m,3m,4h,5m,6h,8h"
spot,SAGAUSDC,2024-04-17,"12h,15m,1d,1h,1m,1s,2h,30m,3m,4h,5m,6h,8h"
spot,SAGAUSDT,2024-04-09,"12h,15m,1d,1h,1m,1s,2h,30m,3m,4h,5m,6h,8h"
spot,SANDBTC,2020-08-14,"12h,15m,1d,1h,1m,1s,2h,30m,3m,4h,5m,6h,8h"
spot,SANDFDUSD,2023-12-14,"12h,15m,1d,1h,1m,1s,2h,30m,3m,4h,5m,6h,8h"
spot,SANDTRY,2021-11-12,"12h,15m,1d,1h,1m,1s,2h,30m,3m,4h,5m,6h,8h"
spot,SANDUSDC,2024-12-04,"12h,15m,1d,1h,1m,1s,2h,30m,3m,4h,5m,6h,8h"
spot,SANDUSDT,2020-08-14,"12h,15m,1d,1h,1m,1s,2h,30m,3m,4h,5m,6h,8h"
spot,SANTOSBTC,2021-12-01,"12h,15m,1d,1h,1m,1s,2h,30m,3m,4h,5m,6h,8h"
spot,SANTOSTRY,2021-12-01,"12h,15m,1d,1h,1m,1s,2h,30m,3m,4h,5m,6h,8h"
spot,SANTOSUSDT,2021-12-01,"12h,15m,1d,1h,1m,1s,2h,30m,3m,4h,5m,6h,8h"
spot,SBNB,2025-01-16,"12h,15m,1d,1h,1m,1s,2h,30m,3m,4h,5m,6h,8h"
spot,SBTC,2025-01-16,"12h,15m,1d,1h,1m,1s,2h,30m,3m,4h,5m,6h,8h"
spot,SCETH,2018-06-14,"12h,15m,1d,1h,1m,1s,2h,30m,3m,4h,5m,6h,8h"
spot,SCRBTC,2024-10-22,"12h,15m,1d,1h,1m,1s,2h,30m,3m,4h,5m,6h,8h"
spot,SCRFDUSD,2024-10-22,"12h,15m,1d,1h,1m,1s,2h,30m,3m,4h,5m,6h,8h"
spot,SCRTBTC,2020-09-30,"12h,15m,1d,1h,1m,1s,2h,30m,3m,4h,5m,6h,8h"
spot,SCRTRY,2024-10-22,"12h,15m,1d,1h,1m,1s,2h,30m,3m,4h,5m,6h,8h"
spot,SCRTUSDT,2022-01-21,"12h,15m,1d,1h,1m,1s,2h,30m,3m,4h,5m,6h,8h"
spot,SCRUSDT,2024-10-11,"12h,15m,1d,1h,1m,1s,2h,30m,3m,4h,5m,6h,8h"
spot,SCUSDT,2020-07-06,"12h,15m,1d,1h,1m,1s,2h,30m,3m,4h,5m,6h,8h"
spot,SEIBNB,2023-08-15,"12h,15m,1d,1h,1m,1s,2h,30m,3m,4h,5m,6h,8h"
spot,SEIBTC,2023-08-15,"12h,15m,1d,1h,1m,1s,2h,30m,3m,4h,5m,6h,8h"
spot,SEIFDUSD,2023-08-15,"12h,15m,1d,1h,1m,1s,2h,30m,3m,4h,5m,6h,8h"
spot,SEIJPY,2025-01-16,"12h,15m,1d,1h,1m,1s,2h,30m,3m,4h,5m,6h,8h"
spot,SEITRY,2023-08-15,"12h,15m,1d,1h,1m,1s,2h,30m,3m,4h,5m,6h,8h"
spot,SEIUSDC,2024-02-02,"12h,15m,1d,1h,1m,1s,2h,30m,3m,4h,5m,6h,8h"
spot,SEIUSDT,2023-08-15,"12h,15m,1d,1h,1m,1s,2h,30m,3m,4h,5m,6h,8h"
spot,SETH,2025-01-16,"12h,15m,1d,1h,1m,1s,2h,30m,3m,4h,5m,6h,8h"
spot,SEUR,2025-01-16,"12h,15m,1d,1h,1m,1s,2h,30m,3m,4h,5m,6h,8h"
spot,SFDUSD,2025-01-16,"12h,15m,1d,1h,1m,1s,2h,30m,3m,4h,5m,6h,8h"
spot,SFPBTC,2021-02-08,"12h,15m,1d,1h,1m,1s,2h,30m,3m,4h,5m,6h,8h"
spot,SFPUSDT,2021-02-08,"12h,15m,1d,1h,1m,1s,2h,30m,3m,4h,5m,6h,8h"
spot,SHELLBNB,2025-02-27,"12h,15m,1d,1h,1m,1s,2h,30m,3m,4h,5m,6h,8h"
spot,SHELLBTC,2025-02-27,"12h,15m,1d,1h,1m,1s,2h,30m,3m,4h,5m,6h,8h"
spot,SHELLFDUSD,2025-02-27,"12h,15m,1d,1h,1m,1s,2h,30m,3m,4h,5m,6h,8h"
spot,SHELLTRY,2025-02-27,"12h,15m,1d,1h,1m,1s,2h,30m,3m,4h,5m,6h,8h"
spot,SHELLUSDC,2025-02-27,"12h,15m,1d,1h,1m,1s,2h,30m,3m,4h,5m,6h,8h"
spot,SHELLUSDT,2025-02-27,"12h,15m,1d,1h,1m,1s,2h,30m,3m,4h,5m,6h,8h"
spot,SHIBBRL,2021-05-28,"12h,15m,1d,1h,1m,1s,2h,30m,3m,4h,5m,6h,8h"
spot,SHIBDOGE,2021-11-02,"12h,15m,1d,1h,1m,1s,2h,30m,3m,4h,5m,6h,8h"
spot,SHIBEUR,2021-05-14,"12h,15m,1d,1h,1m,1s,2h,30m,3m,4h,5m,6h,8h"
spot,SHIBFDUSD,2023-12-14,"12h,15m,1d,1h,1m,1s,2h,30m,3m,4h,5m,6h,8h"
spot,SHIBJPY,2024-04-30,"12h,15m,1d,1h,1m,1s,2h,30m,3m,4h,5m,6h,8h"
spot,SHIBTRY,2021-06-04,"12h,15m,1d,1h,1m,1s,2h,30m,3m,4h,5m,6h,8h"
spot,SHIBUSDC,2024-03-07,"12h,15m,1d,1h,1m,1s,2h,30m,3m,4h,5m,6h,8h"
spot,SHIBUSDT,2021-05-10,"12h,15m,1d,1h,1m,1s,2h,30m,3m,4h,5m,6h,8h"
spot,SKLBTC,2020-12-01,"12h,15m,1d,1h,1m,1s,2h,30m,3m,4h,5m,6h,8h"
spot,SKLTRY,2024-01-11,"12h,15m,1d,1h,1m,1s,2h,30m,3m,4h,5m,6h,8h"
spot,SKLUSDT,2020-12-01,"12h,15m,1d,1h,1m,1s,2h,30m,3m,4h,5m,6h,8h"
spot,SLFBTC,2024-08-30,"12h,15m,1d,1h,1m,1s,2h,30m,3m,4h,5m,6h,8h"
spot,SLFTRY,2024-08-30,"12h,15m,1d,1h,1m,1s,2h,30m,3m,4h,5m,6h,8h"
spot,SLFUSDC,2024-08-30,"12h,15m,1d,1h,1m,1s,2h,30m,3m,4h,5m,6h,8h"
spot,SLFUSDT,2024-08-30,"12h,15m,1d,1h,1m,1s,2h,30m,3m,4h,5m,6h,8h"
spot,SLPETH,2020-11-10,"12h,15m,1d,1h,1m,1s,2h,30m,3m,4h,5m,6h,8h"
spot,SLPTRY,2021-11-19,"12h,15m,1d,1h,1m,1s,2h,30m,3m,4h,5m,6h,8h"
spot,SLPUSDT,2021-04-30,"12h,15m,1d,1h,1m,1s,2h,30m,3m,4h,5m,6h,8h"
spot,SNTBTC,2017-10-12,"12h,15m,1d,1h,1m,1s,2h,30m,3m,4h,5m,6h,8h"
spot,SNTETH,2017-07-27,"12h,15m,1d,1h,1m,1s,2h,30m,3m,4h,5m,6h,8h"
spot,SNTUSDT,2023-05-19,"12h,15m,1d,1h,1m,1s,2h,30m,3m,4h,5m,6h,8h"
spot,SNXBTC,2020-07-09,"12h,15m,1d,1h,1m,1s,2h,30m,3m,4h,5m,6h,8h"
spot,SNXTRY,2024-03-13,"12h,15m,1d,1h,1m,1s,2h,30m,3m,4h,5m,6h,8h"
spot,SNXUSDT,2020-07-09,"12h,15m,1d,1h,1m,1s,2h,30m,3m,4h,5m,6h,8h"
spot,SOLARS,2025-02-25,"12h,15m,1d,1h,1m,1s,2h,30m,3m,4h,5m,6h,8h"
spot,SOLBNB,2020-04-10,"12h,15m,1d,1h,1m,1s,2h,30m,3m,4h,5m,6h,8h"
spot,SOLBRL,2021-06-18,"12h,15m,1d,1h,1m,1s,2h,30m,3m,4h,5m,6h,8h"
spot,SOLBTC,2020-04-10,"12h,15m,1d,1h,1m,1s,2h,30m,3m,4h,5m,6h,8h"
spot,SOLETH,2021-10-15,"12h,15m,1d,1h,1m,1s,2h,30m,3m,4h,5m,6h,8h"
spot,SOLEUR,2021-05-28,"12h,15m,1d,1h,1m,1s,2h,30m,3m,4h,5m,6h,8h"
spot,SOLFDUSD,2023-09-07,"12h,15m,1d,1h,1m,1s,2h,30m,3m,4h,5m,6h,8h"
spot,SOLJPY,2024-04-30,"12h,15m,1d,1h,1m,1s,2h,30m,3m,4h,5m,6h,8h"
spot,SOLMXN,2025-02-25,"12h,15m,1d,1h,1m,1s,2h,30m,3m,4h,5m,6h,8h"
spot,SOLTRY,2021-06-18,"12h,15m,1d,1h,1m,1s,2h,30m,3m,4h,5m,6h,8h"
spot,SOLTUSD,2023-03-29,"12h,15m,1d,1h,1m,1s,2h,30m,3m,4h,5m,6h,8h"
spot,SOLUSDC,2021-09-24,"12h,15m,1d,1h,1m,1s,2h,30m,3m,4h,5m,6h,8h"
spot,SOLUSDT,2020-08-11,"12h,15m,1d,1h,1m,1s,2h,30m,3m,4h,5m,6h,8h"
spot,SOLVBNB,2025-01-17,"12h,15m,1d,1h,1m,1s,2h,30m,3m,4h,5m,6h,8h"
spot,SOLVFDUSD,2025-01-17,"12h,15m,1d,1h,1m,1s,2h,30m,3m,4h,5m,6h,8h"
spot,SOLVTRY,2025-01-17,"12h,15m,1d,1h,1m,1s,2h,30m,3m,4h,5m,6h,8h"
spot,SOLVUSDT,2025-01-17,"12h,15m,1d,1h,1m,1s,2h,30m,3m,4h,5m,6h,8h"
spot,SPELLTRY,2022-02-10,"12h,15m,1d,1h,1m,1s,2h,30m,3m,4h,5m,6h,8h"
spot,SPELLUSDT,2021-12-24,"12h,15m,1d,1h,1m,1s,2h,30m,3m,4h,5m,6h,8h"
spot,SSVBTC,2021-10-22,"12h,15m,1d,1h,1m,1s,2h,30m,3m,4h,5m,6h,8h"
spot,SSVETH,2021-10-22,"12h,15m,1d,1h,1m,1s,2h,30m,3m,4h,5m,6h,8h"
spot,SSVUSDT,2023-02-24,"12h,15m,1d,1h,1m,1s,2h,30m,3m,4h,5m,6h,8h"
spot,STEEMBTC,2018-02-01,"12h,15m,1d,1h,1m,1s,2h,30m,3m,4h,5m,6h,8h"
spot,STEEMETH,2018-02-01,"12h,15m,1d,1h,1m,1s,2h,30m,3m,4h,5m,6h,8h"
spot,STEEMUSDC,2025-01-10,"12h,15m,1d,1h,1m,1s,2h,30m,3m,4h,5m,6h,8h"
spot,STEEMUSDT,2022-04-22,"12h,15m,1d,1h,1m,1s,2h,30m,3m,4h,5m,6h,8h"
spot,STGBTC,2022-08-19,"12h,15m,1d,1h,1m,1s,2h,30m,3m,4h,5m,6h,8h"
spot,STGUSDT,2022-08-19,"12h,15m,1d,1h,1m,1s,2h,30m,3m,4h,5m,6h,8h"
spot,STORJBTC,2017-11-03,"12h,15m,1d,1h,1m,1s,2h,30m,3m,4h,5m,6h,8h"
spot,STORJTRY,2022-07-29,"12h,15m,1d,1h,1m,1s,2h,30m,3m,4h,5m,6h,8h"
spot,STORJUSDT,2020-07-30,"12h,15m,1d,1h,1m,1s,2h,30m,3m,4h,5m,6h,8h"
spot,STPTBTC,2020-03-25,"12h,15m,1d,1h,1m,1s,2h,30m,3m,4h,5m,6h,8h"
spot,STPTUSDT,2020-03-25,"12h,15m,1d,1h,1m,1s,2h,30m,3m,4h,5m,6h,8h"
spot,STRAXBTC,2020-11-18,"12h,15m,1d,1h,1m,1s,2h,30m,3m,4h,5m,6h,8h"
spot,STRAXTRY,2023-10-26,"12h,15m,1d,1h,1m,1s,2h,30m,3m,4h,5m,6h,8h"
spot,STRAXUSDT,2020-11-18,"12h,15m,1d,1h,1m,1s,2h,30m,3m,4h,5m,6h,8h"
spot,STRKBTC,2024-02-20,"12h,15m,1d,1h,1m,1s,2h,30m,3m,4h,5m,6h,8h"
spot,STRKFDUSD,2024-02-20,"12h,15m,1d,1h,1m,1s,2h,30m,3m,4h,5m,6h,8h"
spot,STRKTRY,2024-02-20,"12h,15m,1d,1h,1m,1s,2h,30m,3m,4h,5m,6h,8h"
spot,STRKUSDC,2024-03-05,"12h,15m,1d,1h,1m,1s,2h,30m,3m,4h,5m,6h,8h"
spot,STRKUSDT,2024-02-20,"12h,15m,1d,1h,1m,1s,2h,30m,3m,4h,5m,6h,8h"
spot,STRY,2025-01-16,"12h,15m,1d,1h,1m,1s,2h,30m,3m,4h,5m,6h,8h"
spot,STXBNB,2019-10-25,"12h,15m,1d,1h,1m,1s,2h,30m,3m,4h,5m,6h,8h"
spot,STXBTC,2019-10-25,"12h,15m,1d,1h,1m,1s,2h,30m,3m,4h,5m,6h,8h"
spot,STXFDUSD,2024-01-11,"12h,15m,1d,1h,1m,1s,2h,30m,3m,4h,5m,6h,8h"
spot,STXTRY,2023-03-10,"12h,15m,1d,1h,1m,1s,2h,30m,3m,4h,5m,6h,8h"
spot,STXUSDC,2024-04-19,"12h,15m,1d,1h,1m,1s,2h,30m,3m,4h,5m,6h,8h"
spot,STXUSDT,2019-10-25,"12h,15m,1d,1h,1m,1s,2h,30m,3m,4h,5m,6h,8h"
spot,SUIBNB,2023-05-03,"12h,15m,1d,1h,1m,1s,2h,30m,3m,4h,5m,6h,8h"
spot,SUIBRL,2024-10-16,"12h,15m,1d,1h,1m,1s,2h,30m,3m,4h,5m,6h,8h"
spot,SUIBTC,2023-05-03,"12h,15m,1d,1h,1m,1s,2h,30m,3m,4h,5m,6h,8h"
spot,SUIEUR,2023-05-03,"12h,15m,1d,1h,1m,1s,2h,30m,3m,4h,5m,6h,8h"
spot,SUIFDUSD,2023-10-05,"12h,15m,1d,1h,1m,1s,2h,30m,3m,4h,5m,6h,8h"
spot,SUIJPY,2025-01-09,"12h,15m,1d,1h,1m,1s,2h,30m,3m,4h,5m,6h,8h"
spot,SUITRY,2023-05-03,"12h,15m,1d,1h,1m,1s,2h,30m,3m,4h,5m,6h,8h"
spot,SUIUSDC,2024-01-19,"12h,15m,1d,1h,1m,1s,2h,30m,3m,4h,5m,6h,8h"
spot,SUIUSDT,2023-05-03,"12h,15m,1d,1h,1m,1s,2h,30m,3m,4h,5m,6h,8h"
spot,SUNTRY,2024-09-04,"12h,15m,1d,1h,1m,1s,2h,30m,3m,4h,5m,6h,8h"
spot,SUNUSDT,2020-09-21,"12h,15m,1d,1h,1m,1s,2h,30m,3m,4h,5m,6h,8h"
spot,SUPERBTC,2021-03-25,"12h,15m,1d,1h,1m,1s,2h,30m,3m,4h,5m,6h,8h"
spot,SUPERTRY,2023-12-05,"12h,15m,1d,1h,1m,1s,2h,30m,3m,4h,5m,6h,8h"
spot,SUPERUSDT,2021-03-25,"12h,15m,1d,1h,1m,1s,2h,30m,3m,4h,5m,6h,8h"
spot,SUSDC,2025-01-16,"12h,15m,1d,1h,1m,1s,2h,30m,3m,4h,5m,6h,8h"
spot,SUSDT,2025-01-16,"12h,15m,1d,1h,1m,1s,2h,30m,3m,4h,5m,6h,8h"
spot,SUSHIBTC,2020-09-01,"12h,15m,1d,1h,1m,1s,2h,30m,3m,4h,5m,6h,8h"
spot,SUSHITRY,2025-01-08,"12h,15m,1d,1h,1m,1s,2h,30m,3m,4h,5m,6h,8h"
spot,SUSHIUSDT,2020-09-01,"12h,15m,1d,1h,1m,1s,2h,30m,3m,4h,5m,6h,8h"
spot,SXPBTC,2020-07-07,"12h,15m,1d,1h,1m,1s,2h,30m,3m,4h,5m,6h,8h"
spot,SXPTRY,2020-10-01,"12h,15m,1d,1h,1m,1s,2h,30m,3m,4h,5m,6h,8h"
spot,SXPUSDT,2020-07-20,"12h,15m,1d,1h,1m,1s,2h,30m,3m,4h,5m,6h,8h"
spot,SYNUSDC,2025-03-13,"12h,15m,1d,1h,1m,1s,2h,30m,3m,4h,5m,6h,8h"
spot,SYNUSDT,2023-02-22,"12h,15m,1d,1h,1m,1s,2h,30m,3m,4h,5m,6h,8h"
spot,SYSBTC,2018-03-28,"12h,15m,1d,1h,1m,1s,2h,30m,3m,4h,5m,6h,8h"
spot,SYSUSDT,2021-09-24,"12h,15m,1d,1h,1m,1s,2h,30m,3m,4h,5m,6h,8h"
spot,TAOBTC,2024-04-11,"12h,15m,1d,1h,1m,1s,2h,30m,3m,4h,5m,6h,8h"
spot,TAOFDUSD,2024-04-11,"12h,15m,1d,1h,1m,1s,2h,30m,3m,4h,5m,6h,8h"
spot,TAOTRY,2024-04-11,"12h,15m,1d,1h,1m,1s,2h,30m,3m,4h,5m,6h,8h"
spot,TAOUSDC,2024-11-22,"12h,15m,1d,1h,1m,1s,2h,30m,3m,4h,5m,6h,8h"
spot,TAOUSDT,2024-04-11,"12h,15m,1d,1h,1m,1s,2h,30m,3m,4h,5m,6h,8h"
spot,TFUELBTC,2019-05-24,"12h,15m,1d,1h,1m,1s,2h,30m,3m,4h,5m,6h,8h"
spot,TFUELUSDT,2019-05-24,"12h,15m,1d,1h,1m,1s,2h,30m,3m,4h,5m,6h,8h"
spot,THEBTC,2024-11-27,"12h,15m,1d,1h,1m,1s,2h,30m,3m,4h,5m,6h,8h"
spot,THEFDUSD,2024-11-27,"12h,15m,1d,1h,1m,1s,2h,30m,3m,4h,5m,6h,8h"
spot,THETABTC,2018-05-29,"12h,15m,1d,1h,1m,1s,2h,30m,3m,4h,5m,6h,8h"
spot,THETAFDUSD,2024-03-07,"12h,15m,1d,1h,1m,1s,2h,30m,3m,4h,5m,6h,8h"
spot,THETATRY,2024-03-05,"12h,15m,1d,1h,1m,1s,2h,30m,3m,4h,5m,6h,8h"
spot,THETAUSDC,2025-04-03,"12h,15m,1d,1h,1m,1s,2h,30m,3m,4h,5m,6h,8h"
spot,THETAUSDT,2019-04-10,"12h,15m,1d,1h,1m,1s,2h,30m,3m,4h,5m,6h,8h"
spot,THETRY,2024-11-27,"12h,15m,1d,1h,1m,1s,2h,30m,3m,4h,5m,6h,8h"
spot,THEUSDC,2025-03-20,"12h,15m,1d,1h,1m,1s,2h,30m,3m,4h,5m,6h,8h"
spot,THEUSDT,2024-11-27,"12h,15m,1d,1h,1m,1s,2h,30m,3m,4h,5m,6h,8h"
spot,TIABTC,2023-10-31,"12h,15m,1d,1h,1m,1s,2h,30m,3m,4h,5m,6h,8h"
spot,TIAFDUSD,2024-01-11,"12h,15m,1d,1h,1m,1s,2h,30m,3m,4h,5m,6h,8h"
spot,TIATRY,2023-10-31,"12h,15m,1d,1h,1m,1s,2h,30m,3m,4h,5m,6h,8h"
spot,TIAUSDC,2024-01-19,"12h,15m,1d,1h,1m,1s,2h,30m,3m,4h,5m,6h,8h"
spot,TIAUSDT,2023-10-31,"12h,15m,1d,1h,1m,1s,2h,30m,3m,4h,5m,6h,8h"
spot,TKOUSDT,2021-04-07,"12h,15m,1d,1h,1m,1s,2h,30m,3m,4h,5m,6h,8h"
spot,TLMFDUSD,2024-12-13,"12h,15m,1d,1h,1m,1s,2h,30m,3m,4h,5m,6h,8h"
spot,TLMTRY,2021-08-13,"12h,15m,1d,1h,1m,1s,2h,30m,3m,4h,5m,6h,8h"
spot,TLMUSDC,2024-12-13,"12h,15m,1d,1h,1m,1s,2h,30m,3m,4h,5m,6h,8h"
spot,TLMUSDT,2021-04-13,"12h,15m,1d,1h,1m,1s,2h,30m,3m,4h,5m,6h,8h"
spot,TNSRBTC,2024-04-08,"12h,15m,1d,1h,1m,1s,2h,30m,3m,4h,5m,6h,8h"
spot,TNSRFDUSD,2024-04-08,"12h,15m,1d,1h,1m,1s,2h,30m,3m,4h,5m,6h,8h"
spot,TNSRTRY,2024-04-08,"12h,15m,1d,1h,1m,1s,2h,30m,3m,4h,5m,6h,8h"
spot,TNSRUSDC,2024-06-05,"12h,15m,1d,1h,1m,1s,2h,30m,3m,4h,5m,6h,8h"
spot,TNSRUSDT,2024-04-08,"12h,15m,1d,1h,1m,1s,2h,30m,3m,4h,5m,6h,8h"
spot,TONBTC,2024-08-08,"12h,15m,1d,1h,1m,1s,2h,30m,3m,4h,5m,6h,8h"
spot,TONFDUSD,2024-08-08,"12h,15m,1d,1h,1m,1s,2h,30m,3m,4h,5m,6h,8h"
spot,TONTRY,2024-08-08,"12h,15m,1d,1h,1m,1s,2h,30m,3m,4h,5m,6h,8h"
spot,TONUSDC,2024-08-22,"12h,15m,1d,1h,1m,1s,2h,30m,3m,4h,5m,6h,8h"
spot,TONUSDT,2024-08-08,"12h,15m,1d,1h,1m,1s,2h,30m,3m,4h,5m,6h,8h"
spot,TRBBTC,2020-08-27,"12h,15m,1d,1h,1m,1s,2h,30m,3m,4h,5m,6h,8h"
spot,TRBTRY,2023-10-12,"12h,15m,1d,1h,1m,1s,2h,30m,3m,4h,5m,6h,8h"
spot,TRBUSDC,2024-05-15,"12h,15m,1d,1h,1m,1s,2h,30m,3m,4h,5m,6h,8h"
spot,TRBUSDT,2020-08-29,"12h,15m,1d,1h,1m,1s,2h,30m,3m,4h,5m,6h,8h"
spot,TROYTRY,2024-11-13,"12h,15m,1d,1h,1m,1s,2h,30m,3m,4h,5m,6h,8h"
spot,TROYUSDC,2024-11-28,"12h,15m,1d,1h,1m,1s,2h,30m,3m,4h,5m,6h,8h"
spot,TROYUSDT,2019-12-05,"12h,15m,1d,1h,1m,1s,2h,30m,3m,4h,5m,6h,8h"
spot,TRUBTC,2021-01-19,"12h,15m,1d,1h,1m,1s,2h,30m,3m,4h,5m,6h,8h"
spot,TRUMPBRL,2025-02-25,"12h,15m,1d,1h,1m,1s,2h,30m,3m,4h,5m,6h,8h"
spot,TRUMPEUR,2025-02-12,"12h,15m,1d,1h,1m,1s,2h,30m,3m,4h,5m,6h,8h"
spot,TRUMPFDUSD,2025-02-18,"12h,15m,1d,1h,1m,1s,2h,30m,3m,4h,5m,6h,8h"
spot,TRUMPTRY,2025-01-21,"12h,15m,1d,1h,1m,1s,2h,30m,3m,4h,5m,6h,8h"
spot,TRUMPUSDC,2025-01-19,"12h,15m,1d,1h,1m,1s,2h,30m,3m,4h,5m,6h,8h"
spot,TRUMPUSDT,2025-01-19,"12h,15m,1d,1h,1m,1s,2h,30m,3m,4h,5m,6h,8h"
spot,TRUTRY,2024-06-13,"12h,15m,1d,1h,1m,1s,2h,30m,3m,4h,5m,6h,8h"
spot,TRUUSDT,2021-01-19,"12h,15m,1d,1h,1m,1s,2h,30m,3m,4h,5m,6h,8h"
spot,TRXBNB,2018-06-12,"12h,15m,1d,1h,1m,1s,2h,30m,3m,4h,5m,6h,8h"
spot,TRXBTC,2017-10-31,"12h,15m,1d,1h,1m,1s,2h,30m,3m,4h,5m,6h,8h"
spot,TRXETH,2017-10-31,"12h,15m,1d,1h,1m,1s,2h,30m,3m,4h,5m,6h,8h"
spot,TRXEUR,2021-04-30,"12h,15m,1d,1h,1m,1s,2h,30m,3m,4h,5m,6h,8h"
spot,TRXFDUSD,2025-02-25,"12h,15m,1d,1h,1m,1s,2h,30m,3m,4h,5m,6h,8h"
spot,TRXTRY,2020-12-11,"12h,15m,1d,1h,1m,1s,2h,30m,3m,4h,5m,6h,8h"
spot,TRXUSDC,2019-01-24,"12h,15m,1d,1h,1m,1s,2h,30m,3m,4h,5m,6h,8h"
spot,TRXUSDT,2018-06-11,"12h,15m,1d,1h,1m,1s,2h,30m,3m,4h,5m,6h,8h"
spot,TRXXRP,2018-12-24,"12h,15m,1d,1h,1m,1s,2h,30m,3m,4h,5m,6h,8h"
spot,TSTFDUSD,2025-02-18,"12h,15m,1d,1h,1m,1s,2h,30m,3m,4h,5m,6h,8h"
spot,TSTTRY,2025-02-25,"12h,15m,1d,1h,1m,1s,2h,30m,3m,4h,5m,6h,8h"
spot,TSTUSDC,2025-02-09,"12h,15m,1d,1h,1m,1s,2h,30m,3m,4h,5m,6h,8h"
spot,TSTUSDT,2025-02-09,"12h,15m,1d,1h,1m,1s,2h,30m,3m,4h,5m,6h,8h"
spot,TURBOTRY,2024-10-16,"12h,15m,1d,1h,1m,1s,2h,30m,3m,4h,5m,6h,8h"
spot,TURBOUSDC,2024-11-29,"12h,15m,1d,1h,1m,1s,2h,30m,3m,4h,5m,6h,8h"
spot,TURBOUSDT,2024-09-16,"12h,15m,1d,1h,1m,1s,2h,30m,3m,4h,5m,6h,8h"
spot,TUSDC,2025-03-11,"12h,15m,1d,1h,1m,1s,2h,30m,3m,4h,5m,6h,8h"
spot,TUSDT,2022-02-25,"12h,15m,1d,1h,1m,1s,2h,30m,3m,4h,5m,6h,8h"
spot,TUSDUSDT,2018-05-31,"12h,15m,1d,1h,1m,1s,2h,30m,3m,4h,5m,6h,8h"
spot,TUTUSDC,2025-03-27,"12h,15m,1d,1h,1m,1s,2h,30m,3m,4h,5m,6h,8h"
spot,TUTUSDT,2025-03-27,"12h,15m,1d,1h,1m,1s,2h,30m,3m,4h,5m,6h,8h"
spot,TWTTRY,2022-03-18,"12h,15m,1d,1h,1m,1s,2h,30m,3m,4h,5m,6h,8h"
spot,TWTUSDT,2021-01-27,"12h,15m,1d,1h,1m,1s,2h,30m,3m,4h,5m,6h,8h"
spot,UFTUSDT,2023-03-17,"12h,15m,1d,1h,1m,1s,2h,30m,3m,4h,5m,6h,8h"
spot,UMABTC,2020-09-09,"12h,15m,1d,1h,1m,1s,2h,30m,3m,4h,5m,6h,8h"
spot,UMATRY,2022-03-11,"12h,15m,1d,1h,1m,1s,2h,30m,3m,4h,5m,6h,8h"
spot,UMAUSDT,2020-09-09,"12h,15m,1d,1h,1m,1s,2h,30m,3m,4h,5m,6h,8h"
spot,UNIBTC,2020-09-17,"12h,15m,1d,1h,1m,1s,2h,30m,3m,4h,5m,6h,8h"
spot,UNIETH,2022-01-14,"12h,15m,1d,1h,1m,1s,2h,30m,3m,4h,5m,6h,8h"
spot,UNIFDUSD,2024-03-05,"12h,15m,1d,1h,1m,1s,2h,30m,3m,4h,5m,6h,8h"
spot,UNITRY,2023-08-23,"12h,15m,1d,1h,1m,1s,2h,30m,3m,4h,5m,6h,8h"
spot,UNIUSDC,2024-02-28,"12h,15m,1d,1h,1m,1s,2h,30m,3m,4h,5m,6h,8h"
spot,UNIUSDT,2020-09-17,"12h,15m,1d,1h,1m,1s,2h,30m,3m,4h,5m,6h,8h"
spot,USDCCZK,2025-03-20,"12h,15m,1d,1h,1m,1s,2h,30m,3m,4h,5m,6h,8h"
spot,USDCPLN,2025-01-10,"12h,15m,1d,1h,1m,1s,2h,30m,3m,4h,5m,6h,8h"
spot,USDCRON,2025-03-13,"12h,15m,1d,1h,1m,1s,2h,30m,3m,4h,5m,6h,8h"
spot,USDCTRY,2024-05-29,"12h,15m,1d,1h,1m,1s,2h,30m,3m,4h,5m,6h,8h"
spot,USDCUSDT,2018-12-15,"12h,15m,1d,1h,1m,1s,2h,30m,3m,4h,5m,6h,8h"
spot,USDPUSDT,2021-09-10,"12h,15m,1d,1h,1m,1s,2h,30m,3m,4h,5m,6h,8h"
spot,USDTARS,2023-04-28,"12h,15m,1d,1h,1m,1s,2h,30m,3m,4h,5m,6h,8h"
spot,USDTBRL,2020-10-13,"12h,15m,1d,1h,1m,1s,2h,30m,3m,4h,5m,6h,8h"
spot,USDTCOP,2024-06-05,"12h,15m,1d,1h,1m,1s,2h,30m,3m,4h,5m,6h,8h"
spot,USDTDAI,2020-08-11,"12h,15m,1d,1h,1m,1s,2h,30m,3m,4h,5m,6h,8h"
spot,USDTMXN,2024-04-10,"12h,15m,1d,1h,1m,1s,2h,30m,3m,4h,5m,6h,8h"
spot,USDTPLN,2023-04-14,"12h,15m,1d,1h,1m,1s,2h,30m,3m,4h,5m,6h,8h"
spot,USDTTRY,2019-12-25,"12h,15m,1d,1h,1m,1s,2h,30m,3m,4h,5m,6h,8h"
spot,USDTUAH,2020-06-24,"12h,15m,1d,1h,1m,1s,2h,30m,3m,4h,5m,6h,8h"
spot,USDTZAR,2020-03-27,"12h,15m,1d,1h,1m,1s,2h,30m,3m,4h,5m,6h,8h"
spot,USTCTRY,2023-11-30,"12h,15m,1d,1h,1m,1s,2h,30m,3m,4h,5m,6h,8h"
spot,USTCUSDT,2023-03-10,"12h,15m,1d,1h,1m,1s,2h,30m,3m,4h,5m,6h,8h"
spot,USUALBTC,2024-12-18,"12h,15m,1d,1h,1m,1s,2h,30m,3m,4h,5m,6h,8h"
spot,USUALFDUSD,2024-12-18,"12h,15m,1d,1h,1m,1s,2h,30m,3m,4h,5m,6h,8h"
spot,USUALTRY,2024-12-18,"12h,15m,1d,1h,1m,1s,2h,30m,3m,4h,5m,6h,8h"
spot,USUALUSDC,2025-01-10,"12h,15m,1d,1h,1m,1s,2h,30m,3m,4h,5m,6h,8h"
spot,USUALUSDT,2024-11-19,"12h,15m,1d,1h,1m,1s,2h,30m,3m,4h,5m,6h,8h"
spot,UTKUSDC,2025-03-11,"12h,15m,1d,1h,1m,1s,2h,30m,3m,4h,5m,6h,8h"
spot,UTKUSDT,2020-10-02,"12h,15m,1d,1h,1m,1s,2h,30m,3m,4h,5m,6h,8h"
spot,VANABNB,2024-12-16,"12h,15m,1d,1h,1m,1s,2h,30m,3m,4h,5m,6h,8h"
spot,VANAFDUSD,2024-12-16,"12h,15m,1d,1h,1m,1s,2h,30m,3m,4h,5m,6h,8h"
spot,VANATRY,2024-12-16,"12h,15m,1d,1h,1m,1s,2h,30m,3m,4h,5m,6h,8h"
spot,VANAUSDC,2025-03-25,"12h,15m,1d,1h,1m,1s,2h,30m,3m,4h,5m,6h,8h"
spot,VANAUSDT,2024-12-16,"12h,15m,1d,1h,1m,1s,2h,30m,3m,4h,5m,6h,8h"
spot,VANRYBTC,2023-12-01,"12h,15m,1d,1h,1m,1s,2h,30m,3m,4h,5m,6h,8h"
spot,VANRYTRY,2023-12-21,"12h,15m,1d,1h,1m,1s,2h,30m,3m,4h,5m,6h,8h"
spot,VANRYUSDC,2025-03-20,"12h,15m,1d,1h,1m,1s,2h,30m,3m,4h,5m,6h,8h"
spot,VANRYUSDT,2023-12-01,"12h,15m,1d,1h,1m,1s,2h,30m,3m,4h,5m,6h,8h"
spot,VELODROMEUSDC,2025-03-13,"12h,15m,1d,1h,1m,1s,2h,30m,3m,4h,5m,6h,8h"
spot,VELODROMEUSDT,2024-12-13,"12h,15m,1d,1h,1m,1s,2h,30m,3m,4h,5m,6h,8h"
spot,VETBNB,2018-07-25,"12h,15m,1d,1h,1m,1s,2h,30m,3m,4h,5m,6h,8h"
spot,VETBTC,2018-07-25,"12h,15m,1d,1h,1m,1s,2h,30m,3m,4h,5m,6h,8h"
spot,VETETH,2018-07-25,"12h,15m,1d,1h,1m,1s,2h,30m,3m,4h,5m,6h,8h"
spot,VETEUR,2021-04-16,"12h,15m,1d,1h,1m,1s,2h,30m,3m,4h,5m,6h,8h"
spot,VETTRY,2021-04-30,"12h,15m,1d,1h,1m,1s,2h,30m,3m,4h,5m,6h,8h"
spot,VETUSDC,2025-04-08,"12h,15m,1d,1h,1m,1s,2h,30m,3m,4h,5m,6h,8h"
spot,VETUSDT,2018-07-25,"12h,15m,1d,1h,1m,1s,2h,30m,3m,4h,5m,6h,8h"
spot,VIBUSDT,2023-02-24,"12h,15m,1d,1h,1m,1s,2h,30m,3m,4h,5m,6h,8h"
spot,VICTRY,2023-11-24,"12h,15m,1d,1h,1m,1s,2h,30m,3m,4h,5m,6h,8h"
spot,VICUSDT,2023-11-24,"12h,15m,1d,1h,1m,1s,2h,30m,3m,4h,5m,6h,8h"
spot,VIDTBTC,2020-10-09,"12h,15m,1d,1h,1m,1s,2h,30m,3m,4h,5m,6h,8h"
spot,VIDTUSDT,2021-09-09,"12h,15m,1d,1h,1m,1s,2h,30m,3m,4h,5m,6h,8h"
spot,VOXELUSDT,2021-12-14,"12h,15m,1d,1h,1m,1s,2h,30m,3m,4h,5m,6h,8h"
spot,VTHOTRY,2025-02-12,"12h,15m,1d,1h,1m,1s,2h,30m,3m,4h,5m,6h,8h"
spot,VTHOUSDT,2020-07-17,"12h,15m,1d,1h,1m,1s,2h,30m,3m,4h,5m,6h,8h"
spot,WANBTC,2018-03-23,"12h,15m,1d,1h,1m,1s,2h,30m,3m,4h,5m,6h,8h"
spot,WANUSDT,2019-08-27,"12h,15m,1d,1h,1m,1s,2h,30m,3m,4h,5m,6h,8h"
spot,WAXPBTC,2021-08-23,"12h,15m,1d,1h,1m,1s,2h,30m,3m,4h,5m,6h,8h"
spot,WAXPUSDT,2021-08-23,"12h,15m,1d,1h,1m,1s,2h,30m,3m,4h,5m,6h,8h"
spot,WBETHETH,2023-05-12,"12h,15m,1d,1h,1m,1s,2h,30m,3m,4h,5m,6h,8h"
spot,WBETHUSDT,2023-07-19,"12h,15m,1d,1h,1m,1s,2h,30m,3m,4h,5m,6h,8h"
spot,WBTC,2024-04-03,"12h,15m,1d,1h,1m,1s,2h,30m,3m,4h,5m,6h,8h"
spot,WBTCBTC,2020-08-31,"12h,15m,1d,1h,1m,1s,2h,30m,3m,4h,5m,6h,8h"
spot,WBTCETH,2020-08-31,"12h,15m,1d,1h,1m,1s,2h,30m,3m,4h,5m,6h,8h"
spot,WBTCUSDT,2023-04-28,"12h,15m,1d,1h,1m,1s,2h,30m,3m,4h,5m,6h,8h"
spot,WFDUSD,2024-04-03,"12h,15m,1d,1h,1m,1s,2h,30m,3m,4h,5m,6h,8h"
spot,WIFBRL,2024-07-03,"12h,15m,1d,1h,1m,1s,2h,30m,3m,4h,5m,6h,8h"
spot,WIFBTC,2024-03-05,"12h,15m,1d,1h,1m,1s,2h,30m,3m,4h,5m,6h,8h"
spot,WIFEUR,2024-06-13,"12h,15m,1d,1h,1m,1s,2h,30m,3m,4h,5m,6h,8h"
spot,WIFFDUSD,2024-03-05,"12h,15m,1d,1h,1m,1s,2h,30m,3m,4h,5m,6h,8h"
spot,WIFTRY,2024-03-05,"12h,15m,1d,1h,1m,1s,2h,30m,3m,4h,5m,6h,8h"
spot,WIFUSDC,2024-04-05,"12h,15m,1d,1h,1m,1s,2h,30m,3m,4h,5m,6h,8h"
spot,WIFUSDT,2024-03-05,"12h,15m,1d,1h,1m,1s,2h,30m,3m,4h,5m,6h,8h"
spot,WINEUR,2021-04-09,"12h,15m,1d,1h,1m,1s,2h,30m,3m,4h,5m,6h,8h"
spot,WINGUSDT,2020-09-16,"12h,15m,1d,1h,1m,1s,2h,30m,3m,4h,5m,6h,8h"
spot,WINTRX,2019-09-04,"12h,15m,1d,1h,1m,1s,2h,30m,3m,4h,5m,6h,8h"
spot,WINUSDT,2019-08-01,"12h,15m,1d,1h,1m,1s,2h,30m,3m,4h,5m,6h,8h"
spot,WLDBTC,2023-07-24,"12h,15m,1d,1h,1m,1s,2h,30m,3m,4h,5m,6h,8h"
spot,WLDEUR,2024-11-28,"12h,15m,1d,1h,1m,1s,2h,30m,3m,4h,5m,6h,8h"
spot,WLDFDUSD,2023-11-23,"12h,15m,1d,1h,1m,1s,2h,30m,3m,4h,5m,6h,8h"
spot,WLDTRY,2023-07-28,"12h,15m,1d,1h,1m,1s,2h,30m,3m,4h,5m,6h,8h"
spot,WLDUSDC,2024-02-23,"12h,15m,1d,1h,1m,1s,2h,30m,3m,4h,5m,6h,8h"
spot,WLDUSDT,2023-07-24,"12h,15m,1d,1h,1m,1s,2h,30m,3m,4h,5m,6h,8h"
spot,WOOBTC,2022-02-08,"12h,15m,1d,1h,1m,1s,2h,30m,3m,4h,5m,6h,8h"
spot,WOOUSDT,2022-02-08,"12h,15m,1d,1h,1m,1s,2h,30m,3m,4h,5m,6h,8h"
spot,WRXUSDT,NO_DATA_FOUND,""
spot,WTRY,2024-04-03,"12h,15m,1d,1h,1m,1s,2h,30m,3m,4h,5m,6h,8h"
spot,WUSDC,2024-12-06,"12h,15m,1d,1h,1m,1s,2h,30m,3m,4h,5m,6h,8h"
spot,WUSDT,2024-04-03,"12h,15m,1d,1h,1m,1s,2h,30m,3m,4h,5m,6h,8h"
spot,XAIFDUSD,2024-01-09,"12h,15m,1d,1h,1m,1s,2h,30m,3m,4h,5m,6h,8h"
spot,XAITRY,2024-01-09,"12h,15m,1d,1h,1m,1s,2h,30m,3m,4h,5m,6h,8h"
spot,XAIUSDT,2024-01-09,"12h,15m,1d,1h,1m,1s,2h,30m,3m,4h,5m,6h,8h"
spot,XECTRY,2023-07-20,"12h,15m,1d,1h,1m,1s,2h,30m,3m,4h,5m,6h,8h"
spot,XECUSDT,2021-09-03,"12h,15m,1d,1h,1m,1s,2h,30m,3m,4h,5m,6h,8h"
spot,XLMBTC,2017-12-08,"12h,15m,1d,1h,1m,1s,2h,30m,3m,4h,5m,6h,8h"
spot,XLMETH,2017-12-08,"12h,15m,1d,1h,1m,1s,2h,30m,3m,4h,5m,6h,8h"
spot,XLMEUR,2020-12-11,"12h,15m,1d,1h,1m,1s,2h,30m,3m,4h,5m,6h,8h"
spot,XLMFDUSD,2024-12-04,"12h,15m,1d,1h,1m,1s,2h,30m,3m,4h,5m,6h,8h"
spot,XLMJPY,2025-01-09,"12h,15m,1d,1h,1m,1s,2h,30m,3m,4h,5m,6h,8h"
spot,XLMTRY,2021-01-08,"12h,15m,1d,1h,1m,1s,2h,30m,3m,4h,5m,6h,8h"
spot,XLMUSDC,2018-12-15,"12h,15m,1d,1h,1m,1s,2h,30m,3m,4h,5m,6h,8h"
spot,XLMUSDT,NO_DATA_FOUND,""
spot,XNOBTC,2022-01-28,"12h,15m,1d,1h,1m,1s,2h,30m,3m,4h,5m,6h,8h"
spot,XNOUSDT,2022-01-28,"12h,15m,1d,1h,1m,1s,2h,30m,3m,4h,5m,6h,8h"
spot,XRPBNB,2018-05-31,"12h,15m,1d,1h,1m,1s,2h,30m,3m,4h,5m,6h,8h"
spot,XRPBRL,2020-11-26,"12h,15m,1d,1h,1m,1s,2h,30m,3m,4h,5m,6h,8h"
spot,XRPBTC,NO_DATA_FOUND,""
spot,XRPETH,2017-11-02,"12h,15m,1d,1h,1m,1s,2h,30m,3m,4h,5m,6h,8h"
spot,XRPEUR,2020-01-03,"12h,15m,1d,1h,1m,1s,2h,30m,3m,4h,5m,6h,8h"
spot,XRPFDUSD,2023-09-07,"12h,15m,1d,1h,1m,1s,2h,30m,3m,4h,5m,6h,8h"
spot,XRPJPY,2024-04-30,"12h,15m,1d,1h,1m,1s,2h,30m,3m,4h,5m,6h,8h"
spot,XRPMXN,2024-05-29,"12h,15m,1d,1h,1m,1s,2h,30m,3m,4h,5m,6h,8h"
spot,XRPTRY,2019-12-25,"12h,15m,1d,1h,1m,1s,2h,30m,3m,4h,5m,6h,8h"
spot,XRPTUSD,2018-12-07,"12h,15m,1d,1h,1m,1s,2h,30m,3m,4h,5m,6h,8h"
spot,XRPUSDC,2018-12-15,"12h,15m,1d,1h,1m,1s,2h,30m,3m,4h,5m,6h,8h"
spot,XRPUSDT,2018-05-04,"12h,15m,1d,1h,1m,1s,2h,30m,3m,4h,5m,6h,8h"
spot,XTZBTC,2019-09-24,"12h,15m,1d,1h,1m,1s,2h,30m,3m,4h,5m,6h,8h"
spot,XTZUSDC,2024-12-06,"12h,15m,1d,1h,1m,1s,2h,30m,3m,4h,5m,6h,8h"
spot,XTZUSDT,2019-09-24,"12h,15m,1d,1h,1m,1s,2h,30m,3m,4h,5m,6h,8h"
spot,XUSDUSDT,2025-03-19,"12h,15m,1d,1h,1m,1s,2h,30m,3m,4h,5m,6h,8h"
spot,XVGETH,2017-10-02,"12h,15m,1d,1h,1m,1s,2h,30m,3m,4h,5m,6h,8h"
spot,XVGTRY,2023-07-14,"12h,15m,1d,1h,1m,1s,2h,30m,3m,4h,5m,6h,8h"
spot,XVGUSDT,2021-06-06,"12h,15m,1d,1h,1m,1s,2h,30m,3m,4h,5m,6h,8h"
spot,XVSBNB,2020-10-06,"12h,15m,1d,1h,1m,1s,2h,30m,3m,4h,5m,6h,8h"
spot,XVSBTC,2020-10-06,"12h,15m,1d,1h,1m,1s,2h,30m,3m,4h,5m,6h,8h"
spot,XVSTRY,2023-04-19,"12h,15m,1d,1h,1m,1s,2h,30m,3m,4h,5m,6h,8h"
spot,XVSUSDT,2020-10-06,"12h,15m,1d,1h,1m,1s,2h,30m,3m,4h,5m,6h,8h"
spot,YFIBTC,2020-08-10,"12h,15m,1d,1h,1m,1s,2h,30m,3m,4h,5m,6h,8h"
spot,YFIUSDT,2020-08-10,"12h,15m,1d,1h,1m,1s,2h,30m,3m,4h,5m,6h,8h"
spot,YGGBTC,2021-09-24,"12h,15m,1d,1h,1m,1s,2h,30m,3m,4h,5m,6h,8h"
spot,YGGTRY,2024-04-24,"12h,15m,1d,1h,1m,1s,2h,30m,3m,4h,5m,6h,8h"
spot,YGGUSDC,2024-04-11,"12h,15m,1d,1h,1m,1s,2h,30m,3m,4h,5m,6h,8h"
spot,YGGUSDT,2021-09-24,"12h,15m,1d,1h,1m,1s,2h,30m,3m,4h,5m,6h,8h"
spot,ZECBTC,2017-11-14,"12h,15m,1d,1h,1m,1s,2h,30m,3m,4h,5m,6h,8h"
spot,ZECETH,2017-11-14,"12h,15m,1d,1h,1m,1s,2h,30m,3m,4h,5m,6h,8h"
spot,ZECUSDT,2019-03-21,"12h,15m,1d,1h,1m,1s,2h,30m,3m,4h,5m,6h,8h"
spot,ZENBTC,2018-05-23,"12h,15m,1d,1h,1m,1s,2h,30m,3m,4h,5m,6h,8h"
spot,ZENUSDC,2025-04-08,"12h,15m,1d,1h,1m,1s,2h,30m,3m,4h,5m,6h,8h"
spot,ZENUSDT,2020-07-06,"12h,15m,1d,1h,1m,1s,2h,30m,3m,4h,5m,6h,8h"
spot,ZILBTC,2018-03-05,"12h,15m,1d,1h,1m,1s,2h,30m,3m,4h,5m,6h,8h"
spot,ZILETH,2018-03-05,"12h,15m,1d,1h,1m,1s,2h,30m,3m,4h,5m,6h,8h"
spot,ZILTRY,2022-04-08,"12h,15m,1d,1h,1m,1s,2h,30m,3m,4h,5m,6h,8h"
spot,ZILUSDT,2019-02-19,"12h,15m,1d,1h,1m,1s,2h,30m,3m,4h,5m,6h,8h"
spot,ZKBTC,2024-06-17,"12h,15m,1d,1h,1m,1s,2h,30m,3m,4h,5m,6h,8h"
spot,ZKFDUSD,2024-06-17,"12h,15m,1d,1h,1m,1s,2h,30m,3m,4h,5m,6h,8h"
spot,ZKTRY,2024-06-17,"12h,15m,1d,1h,1m,1s,2h,30m,3m,4h,5m,6h,8h"
spot,ZKUSDC,2024-07-03,"12h,15m,1d,1h,1m,1s,2h,30m,3m,4h,5m,6h,8h"
spot,ZKUSDT,2024-06-17,"12h,15m,1d,1h,1m,1s,2h,30m,3m,4h,5m,6h,8h"
spot,ZROBTC,2024-06-20,"12h,15m,1d,1h,1m,1s,2h,30m,3m,4h,5m,6h,8h"
spot,ZROFDUSD,2024-06-20,"12h,15m,1d,1h,1m,1s,2h,30m,3m,4h,5m,6h,8h"
spot,ZROTRY,2024-06-20,"12h,15m,1d,1h,1m,1s,2h,30m,3m,4h,5m,6h,8h"
spot,ZROUSDC,2024-07-03,"12h,15m,1d,1h,1m,1s,2h,30m,3m,4h,5m,6h,8h"
spot,ZROUSDT,2024-06-20,"12h,15m,1d,1h,1m,1s,2h,30m,3m,4h,5m,6h,8h"
spot,ZRXBTC,2017-09-13,"12h,15m,1d,1h,1m,1s,2h,30m,3m,4h,5m,6h,8h"
spot,ZRXUSDT,2019-02-28,"12h,15m,1d,1h,1m,1s,2h,30m,3m,4h,5m,6h,8h"
